item,label
AAACGAATCAAAGCCT-1,Brain
AAACGCTGTAATGTGA-1,Brain
AAACGCTGTCCTGGGT-1,Brain
AAAGAACCAGGACATG-1,Brain
AAAGGTACACACGGTC-1,Brain
AAAGTCCAGTCACTAC-1,Brain
AAAGTCCGTGACTGTT-1,Brain
AAAGTCCTCCAGCCTT-1,Brain
AAAGTGAGTTCCTAAG-1,Brain
AAAGTGATCAGTGGGA-1,Brain
AAATGGAGTAGCGTCC-1,Brain
AACAAAGGTGTGAGCA-1,Brain
AACAACCCAGAGGCTA-1,Brain
AACAACCCATGTGACT-1,Brain
AACAACCGTACTCGCG-1,Brain
AACAAGAAGAGGTTAT-1,Brain
AACACACAGTGCTAGG-1,Brain
AACACACGTTACGATC-1,Brain
AACAGGGTCAATCCGA-1,Brain
AACCAACAGAGAGTGA-1,Brain
AACCAACAGAGATTCA-1,Brain
AACCAACAGATAACGT-1,Brain
AACCAACTCCCTCAAC-1,Brain
AACCATGTCTTCGGAA-1,Brain
AACCCAACACCGGAAA-1,Brain
AACCTTTAGCCATTCA-1,Brain
AACCTTTAGTTTAGGA-1,Brain
AACCTTTCAGGTACGA-1,Brain
AACCTTTCATCTCATT-1,Brain
AACGTCAGTCGCACGT-1,Brain
AAGACAAAGACATCCT-1,Brain
AAGACAAAGAGGTGCT-1,Brain
AAGACTCCAGAGTAAT-1,Brain
AAGATAGTCGCGTGAC-1,Brain
AAGATAGTCTACACTT-1,Brain
AAGCATCCAGCGGTCT-1,Brain
AAGCATCTCAAGCTGT-1,Brain
AAGCCATGTTCGTGCG-1,Brain
AAGCGAGCACCGTGCA-1,Brain
AAGCGTTAGAGGTATT-1,Brain
AAGGAATAGATCCCAT-1,Brain
AAGGAATAGGCGAAGG-1,Brain
AAGGTAACATGACTGT-1,Brain
AAGGTAAGTAGACACG-1,Brain
AAGTACCTCCCTAGGG-1,Brain
AAGTACCTCTAAGAAG-1,Brain
AAGTGAAAGGAACTCG-1,Brain
AAGTGAATCCTCAGAA-1,Brain
AAGTTCGTCACTTCTA-1,Brain
AATCACGAGGAGATAG-1,Brain
AATCGACCACCGGAAA-1,Brain
AATCGTGCAGTCAGAG-1,Brain
AATCGTGGTGAGCCAA-1,Brain
AATCGTGGTGGTACAG-1,Brain
AATGAAGCAATACAGA-1,Brain
AATGACCAGACGCCCT-1,Brain
AATGACCAGGTAAACT-1,Brain
AATGACCCAGACAAGC-1,Brain
AATGACCTCAGCTGAT-1,Brain
AATGCCAAGAGCCCAA-1,Brain
AATGGCTCAACCGTGC-1,Brain
AATGGCTGTCAGGAGT-1,Brain
AATTCCTGTACGGCAA-1,Brain
AATTTCCGTTCGAAGG-1,Brain
ACAAAGACATGGGTTT-1,Brain
ACAACCAGTCCTCAGG-1,Brain
ACAACCAGTGGCGTAA-1,Brain
ACAACCATCATCGCTC-1,Brain
ACAAGCTAGTAAGCAT-1,Brain
ACAAGCTCAGGCCTGT-1,Brain
ACAAGCTTCATTGAGC-1,Brain
ACAAGCTTCTACCACC-1,Brain
ACACAGTAGGCCACCT-1,Brain
ACACAGTCACACACGC-1,Brain
ACACAGTCACGGCGTT-1,Brain
ACACCAATCGAGCACC-1,Brain
ACACGCGAGGGAGGAC-1,Brain
ACACGCGCAGCAGATG-1,Brain
ACACGCGGTCAACCAT-1,Brain
ACAGAAAAGCTAGAGC-1,Brain
ACAGCCGCAATACAGA-1,Brain
ACAGCCGCAGAGACTG-1,Brain
ACAGCCGCATCCAACA-1,Brain
ACAGGGAGTGATACAA-1,Brain
ACATCGAAGACGACGT-1,Brain
ACATCGAGTCACCTTC-1,Brain
ACATGCAGTCAAGCCC-1,Brain
ACATGCATCGTAACTG-1,Brain
ACCAAACCATTGGGAG-1,Brain
ACCAAACTCAGAGCGA-1,Brain
ACCAACAAGAGCCTGA-1,Brain
ACCAACACATCTAGAC-1,Brain
ACCACAACACAGCTTA-1,Brain
ACCATTTAGACGCATG-1,Brain
ACCATTTGTAATCAAG-1,Brain
ACCCAAACACTTGACA-1,Brain
ACCCAAATCGCTGACG-1,Brain
ACCCTTGAGTACTCGT-1,Brain
ACCCTTGCACCGGTCA-1,Brain
ACCGTTCCAAGCGATG-1,Brain
ACCTACCAGAAACTGT-1,Brain
ACCTACCCAGATCCAT-1,Brain
ACCTACCCAGTCGTTA-1,Brain
ACCTGAAGTAGGCAAC-1,Brain
ACGATCACACCAACAT-1,Brain
ACGCACGCAAGAGATT-1,Brain
ACGCACGGTCAATGGG-1,Brain
ACGGAAGTCAAGAATG-1,Brain
ACGGGTCTCGCTCTAC-1,Brain
ACGGTCGAGTGTAGAT-1,Brain
ACGGTCGAGTTGCGCC-1,Brain
ACGGTTACAGCGGTTC-1,Brain
ACGGTTATCTACACTT-1,Brain
ACGTAACAGCGTCAAG-1,Brain
ACGTACAGTATAATGG-1,Brain
ACGTAGTAGGCGTTGA-1,Brain
ACGTAGTCATCATGAC-1,Brain
ACGTTCCTCCAACTGA-1,Brain
ACTACGAAGGTTGGTG-1,Brain
ACTATCTCAGGTACGA-1,Brain
ACTATCTTCAACTACG-1,Brain
ACTATGGAGGCACAAC-1,Brain
ACTCCCAAGGGCGAAG-1,Brain
ACTCCCAGTAGATCGG-1,Brain
ACTCTCGCACAATGTC-1,Brain
ACTGCAAAGGCTAACG-1,Brain
ACTGCAACAGTCCCGA-1,Brain
ACTGCAAGTCGTGTTA-1,Brain
ACTGTCCCAGTTGCGC-1,Brain
ACTGTCCGTCACCCTT-1,Brain
ACTGTGAAGAAGTCAT-1,Brain
ACTTAGGAGCGCCTTG-1,Brain
ACTTAGGGTATCGTAC-1,Brain
ACTTAGGTCTGAGAAA-1,Brain
ACTTATCCACAAGTTC-1,Brain
ACTTCCGAGGGTGGGA-1,Brain
ACTTCGCAGGGCTTCC-1,Brain
ACTTCGCCAAGACCGA-1,Brain
ACTTCGCCACGTAACT-1,Brain
ACTTTCATCTCCGCAT-1,Brain
ACTTTGTCAAGCAGGT-1,Brain
ACTTTGTGTAGTCACT-1,Brain
ACTTTGTGTCTGTGCG-1,Brain
AGAACAAGTCCGAAGA-1,Brain
AGAAGTACAAGTACCT-1,Brain
AGAAGTACACACCTGG-1,Brain
AGACAAACAAAGAACT-1,Brain
AGACAAATCCGGCAGT-1,Brain
AGACACTCATGAGATA-1,Brain
AGACACTGTACAGAGC-1,Brain
AGACCATCACCTGCGA-1,Brain
AGACCCGAGCAACCAG-1,Brain
AGACCCGCACGTCATA-1,Brain
AGACCCGTCGCCTTTG-1,Brain
AGACTCATCATTACTC-1,Brain
AGAGAATAGAGGTGCT-1,Brain
AGAGAATAGCAACCAG-1,Brain
AGAGAGCAGGTCATAA-1,Brain
AGAGAGCCACGACAGA-1,Brain
AGAGAGCGTTACCCAA-1,Brain
AGAGCAGTCTCACTCG-1,Brain
AGAGCCCAGGTCGAGT-1,Brain
AGAGCCCTCCTACCGT-1,Brain
AGATCCAGTCGTGTTA-1,Brain
AGATGAATCTCCGTGT-1,Brain
AGATGCTAGGTTGAGC-1,Brain
AGATGCTAGTTAACGA-1,Brain
AGATGCTTCAGCGCAC-1,Brain
AGCATCAAGTTAACGA-1,Brain
AGCCAATCAAATCAAG-1,Brain
AGCCAATCACTTCATT-1,Brain
AGCCACGAGGTACCTT-1,Brain
AGCCACGGTATTAAGG-1,Brain
AGCCAGCTCCACAAGT-1,Brain
AGCGCTGGTGTAAACA-1,Brain
AGCGTATGTCTGGTTA-1,Brain
AGCGTCGCACCTCTGT-1,Brain
AGCTACAAGCATAGGC-1,Brain
AGCTACAGTAACTTCG-1,Brain
AGCTTCCTCTCCCATG-1,Brain
AGGAAATAGTCTAGCT-1,Brain
AGGAAATTCGTCTAAG-1,Brain
AGGAATATCTTGCAGA-1,Brain
AGGACTTCATTGACAC-1,Brain
AGGACTTGTAGTCTTG-1,Brain
AGGAGGTCAAATGAGT-1,Brain
AGGATAAAGCTAGTTC-1,Brain
AGGCATTCAGCCCACA-1,Brain
AGGGAGTTCGCCACTT-1,Brain
AGGGCCTGTAACGATA-1,Brain
AGGGCTCCAGTTGAAA-1,Brain
AGGGCTCGTATCACCA-1,Brain
AGGGCTCGTGAAAGTT-1,Brain
AGGGTCCTCGGTGTAT-1,Brain
AGGGTCCTCTGACCCT-1,Brain
AGGGTTTGTCATCGGC-1,Brain
AGGGTTTTCCTACGGG-1,Brain
AGGTAGGAGGCAGTCA-1,Brain
AGGTAGGCATGTGGCC-1,Brain
AGGTCATTCCGTGTGG-1,Brain
AGGTCATTCTTAGCAG-1,Brain
AGGTCTAAGGCAATGC-1,Brain
AGGTGTTCAACCCTCT-1,Brain
AGGTGTTTCATGAGGG-1,Brain
AGGTTACCAATGCAAA-1,Brain
AGGTTGTCAGCGTACC-1,Brain
AGGTTGTGTCCCTCAT-1,Brain
AGTAACCAGTTATGGA-1,Brain
AGTAACCGTCACTTAG-1,Brain
AGTACCATCGGACTTA-1,Brain
AGTACTGGTGGAAGTC-1,Brain
AGTAGTCTCAGCTAGT-1,Brain
AGTCAACCACGCTGCA-1,Brain
AGTCAACGTACCTGTA-1,Brain
AGTCAACTCAAAGGTA-1,Brain
AGTCAACTCTGGTCAA-1,Brain
AGTCACAAGTGGTTCT-1,Brain
AGTCTCCGTCATAACC-1,Brain
AGTCTCCTCAGCTTCC-1,Brain
AGTGTTGAGAGCCATG-1,Brain
AGTGTTGAGTACTGTC-1,Brain
AGTGTTGGTATTCCTT-1,Brain
AGTTCCCAGATCCGAG-1,Brain
AGTTCCCCAATGGCCC-1,Brain
ATACCGATCCTGGCTT-1,Brain
ATACCTTTCGTAGTGT-1,Brain
ATACTTCCAAGCCATT-1,Brain
ATACTTCGTCTAGGTT-1,Brain
ATACTTCGTGTTACTG-1,Brain
ATACTTCTCACTTGTT-1,Brain
ATACTTCTCGTCTACC-1,Brain
ATAGACCGTAGCGTTT-1,Brain
ATAGACCGTGACAACG-1,Brain
ATAGAGATCTCATTTG-1,Brain
ATATCCTAGCAGCCCT-1,Brain
ATATCCTCACGACGAA-1,Brain
ATATCCTTCGTTGCCT-1,Brain
ATCACAGCAATGAACA-1,Brain
ATCACGAAGTCATCGT-1,Brain
ATCACGAGTGTGTGTT-1,Brain
ATCACGATCATTCTTG-1,Brain
ATCATTCAGCAGCCTC-1,Brain
ATCATTCTCTCGCTTG-1,Brain
ATCATTCTCTGTTCAT-1,Brain
ATCCACCGTGACAGCA-1,Brain
ATCCATTAGCGGTAGT-1,Brain
ATCCCTGAGGGACCAT-1,Brain
ATCCCTGCACAAGCCC-1,Brain
ATCCCTGGTACAGTAA-1,Brain
ATCCTATAGGTGCCTC-1,Brain
ATCGATGAGCGATGAC-1,Brain
ATCGATGTCGCTCTCA-1,Brain
ATCGCCTTCTTAGCAG-1,Brain
ATCGGATAGTAGCAAT-1,Brain
ATCGGATGTCTCGCGA-1,Brain
ATCGGATGTGAAAGTT-1,Brain
ATCGGCGGTTCAGGTT-1,Brain
ATCGTCCCAGTGCGCT-1,Brain
ATCGTCCGTGAGACCA-1,Brain
ATCGTGAAGAGGGTGG-1,Brain
ATCGTGACAGCACACC-1,Brain
ATCGTGATCGAATGCT-1,Brain
ATCTCTAAGTGTGTTC-1,Brain
ATCTTCATCCTGTAGA-1,Brain
ATCTTCATCCTTGACC-1,Brain
ATGAAAGCATCGCTAA-1,Brain
ATGAAAGGTATGACAA-1,Brain
ATGAGTCGTTTACTTC-1,Brain
ATGAGTCTCACTGAAC-1,Brain
ATGATCGTCTCACGAA-1,Brain
ATGCATGAGCCTCCAG-1,Brain
ATGCATGTCAACTCTT-1,Brain
ATGGGAGCAAATTGCC-1,Brain
ATGGGTTCATATGCGT-1,Brain
ATGGGTTGTAGGTTTC-1,Brain
ATGGGTTGTATTCCGA-1,Brain
ATGTCCCCACGATAGG-1,Brain
ATGTCCCGTGGCTACC-1,Brain
ATGTCCCGTTCACGAT-1,Brain
ATGTCCCTCATAGCAC-1,Brain
ATGTCTTAGGAAGTGA-1,Brain
ATGTCTTTCTCACTCG-1,Brain
ATTACCTCAAGTGGAC-1,Brain
ATTACCTCAGATGCGA-1,Brain
ATTACTCGTGATGTAA-1,Brain
ATTATCCTCCGGCAGT-1,Brain
ATTCAGGAGTTCATGC-1,Brain
ATTCAGGGTCTTTATC-1,Brain
ATTCAGGTCATTTGTC-1,Brain
ATTCATCTCCTAGCCT-1,Brain
ATTCATCTCGGCTTGG-1,Brain
ATTCCATAGACATAAC-1,Brain
ATTCCTAAGAAATGGG-1,Brain
ATTCCTAAGATGGCGT-1,Brain
ATTCCTAAGTCTCTGA-1,Brain
ATTCGTTTCCAGTTCC-1,Brain
ATTCTTGAGGGAGGTG-1,Brain
ATTCTTGCATTGCAAC-1,Brain
ATTCTTGGTGCTTCAA-1,Brain
ATTCTTGTCGTTGTAG-1,Brain
ATTGTTCCAGTAACCT-1,Brain
ATTTCTGGTTTGGGAG-1,Brain
CAAAGAAAGACGATAT-1,Brain
CAAAGAACACACACGC-1,Brain
CAAAGAAGTGTCCGGT-1,Brain
CAACCAAGTAGACGTG-1,Brain
CAAGACTGTAGTCGGA-1,Brain
CAAGAGGCACGCAGTC-1,Brain
CAAGAGGGTTGTTGCA-1,Brain
CAAGGGACAGTAGATA-1,Brain
CAATACGTCTTTACAC-1,Brain
CAATCGATCCGATGCG-1,Brain
CAATGACAGTGGCAGT-1,Brain
CAATGACGTGGATCGA-1,Brain
CAATGACTCAACGCTA-1,Brain
CAATTTCAGTCACAGG-1,Brain
CAATTTCAGTGGACTG-1,Brain
CAATTTCTCCTAAACG-1,Brain
CAATTTCTCGACATTG-1,Brain
CACAACAAGCGCACAA-1,Brain
CACAACAGTCCGATCG-1,Brain
CACACAACAGAGGCTA-1,Brain
CACACAAGTTGAGGAC-1,Brain
CACAGATCAGGAAGTC-1,Brain
CACAGATGTGAGAACC-1,Brain
CACATGAAGAGCCGTA-1,Brain
CACCAAAGTACGGCAA-1,Brain
CACCGTTCAGGACATG-1,Brain
CACGAATGTCTTTCAT-1,Brain
CACGGGTAGAATGTTG-1,Brain
CACGTGGTCCCGAGGT-1,Brain
CACTAAGCAGGTCTCG-1,Brain
CACTAAGTCCCTCATG-1,Brain
CACTGAAAGCAGTACG-1,Brain
CACTGAATCAATCCAG-1,Brain
CACTGGGTCCTTCACG-1,Brain
CACTGTCAGCCGTCGT-1,Brain
CACTGTCAGTCACGCC-1,Brain
CACTTCGAGCGAACTG-1,Brain
CACTTCGGTAATCAAG-1,Brain
CACTTCGTCGGTCTGG-1,Brain
CAGAGCCGTAGCTTAC-1,Brain
CAGAGCCGTCCGTACG-1,Brain
CAGAGCCGTCTCGCGA-1,Brain
CAGAGCCGTCTTTCAT-1,Brain
CAGATACCATCGGCCA-1,Brain
CAGATACGTATGTCAC-1,Brain
CAGATCAAGGCCTAAG-1,Brain
CAGATCAGTTTACTTC-1,Brain
CAGATTGAGCATGAAT-1,Brain
CAGATTGTCCAACCAA-1,Brain
CAGCAATTCCATGATG-1,Brain
CAGCACGAGACATATG-1,Brain
CAGCACGAGTGATAGT-1,Brain
CAGCACGGTAGTGATA-1,Brain
CAGCACGGTCAGGAGT-1,Brain
CAGCCAGAGTGGATTA-1,Brain
CAGCCAGCATGTGCTA-1,Brain
CAGCGTGAGAGCCTGA-1,Brain
CAGCGTGGTGGGCTTC-1,Brain
CAGGGCTAGTCGGCAA-1,Brain
CAGGGCTGTAACAGTA-1,Brain
CAGGGCTGTCGTCAGC-1,Brain
CAGGGCTTCTGTCTCG-1,Brain
CAGGTATCAACACGTT-1,Brain
CAGTTAGTCACCATCC-1,Brain
CAGTTCCAGACCCTTA-1,Brain
CAGTTCCGTTATGGTC-1,Brain
CAGTTCCTCATGAGTC-1,Brain
CATAAGCGTCCCGGTA-1,Brain
CATAAGCTCTATCGTT-1,Brain
CATACCCTCCCTCTCC-1,Brain
CATACTTAGACATCAA-1,Brain
CATACTTAGGTTACAA-1,Brain
CATAGACCACTCTAGA-1,Brain
CATCAAGCACCTGCTT-1,Brain
CATCAAGCAGAGAGGG-1,Brain
CATCCACCACCGCTGA-1,Brain
CATCCACGTCATAGTC-1,Brain
CATCCCACAGTTGAAA-1,Brain
CATCCGTTCCTACTGC-1,Brain
CATCGCTCACGACTAT-1,Brain
CATCGCTCATCGTGGC-1,Brain
CATGAGTGTCGAAGCA-1,Brain
CATGAGTTCCAACTAG-1,Brain
CATGCAACAGAGATGC-1,Brain
CATGCCTCAACTCCCT-1,Brain
CATGCCTCACTGGATT-1,Brain
CATGCTCGTGTGTGTT-1,Brain
CATGGATTCCGAGTGC-1,Brain
CATTCATAGTCAGCGA-1,Brain
CATTCCGCAGTGGTGA-1,Brain
CATTCCGCAGTTACCA-1,Brain
CATTCCGGTTCCGCGA-1,Brain
CATTCTACAAGCGAGT-1,Brain
CATTGAGAGGGAGAAT-1,Brain
CATTGAGTCATCTACT-1,Brain
CATTGCCCATTAAAGG-1,Brain
CATTGCCTCACTCTTA-1,Brain
CATTGTTAGAAATTCG-1,Brain
CATTGTTCAGCCCAGT-1,Brain
CATTTCACAACACGTT-1,Brain
CATTTCATCCATGAGT-1,Brain
CCAATGAGTAAGGTCG-1,Brain
CCACAAAGTACACGTT-1,Brain
CCACAAATCCGGCTTT-1,Brain
CCACACTCAATTGGTC-1,Brain
CCACGAGAGACCATAA-1,Brain
CCACGTTAGGTAGATT-1,Brain
CCATAAGCAACAAGTA-1,Brain
CCATCACTCAGGAAGC-1,Brain
CCCAACTAGCCTATCA-1,Brain
CCCGAAGGTCATAGTC-1,Brain
CCCGGAAAGTTGAAGT-1,Brain
CCCGGAACATAAGCGG-1,Brain
CCCGGAATCGGCTGTG-1,Brain
CCCTCAATCCCATAAG-1,Brain
CCCTCTCGTGAGATAT-1,Brain
CCCTCTCTCCGAGGCT-1,Brain
CCCTCTCTCTTGTGCC-1,Brain
CCCTGATAGAGGGTCT-1,Brain
CCCTGATGTGGTATGG-1,Brain
CCCTGATGTTAGTTCG-1,Brain
CCGAACGTCTGTTCAT-1,Brain
CCGATCTTCGCGTGCA-1,Brain
CCGATCTTCGTGCGAC-1,Brain
CCGATGGTCCGCGATG-1,Brain
CCGATGGTCCTTACCG-1,Brain
CCGCAAGGTGTTGATC-1,Brain
CCGGACAGTCCAAATC-1,Brain
CCGGGTAAGAGAGGGC-1,Brain
CCGGGTAAGTCATCGT-1,Brain
CCGGTAGAGGTAGACC-1,Brain
CCGGTAGCAGTTGAAA-1,Brain
CCGGTGACACGAGGTA-1,Brain
CCGGTGATCAGGTGTT-1,Brain
CCGTAGGCACACGGTC-1,Brain
CCGTTCACATTGCTGA-1,Brain
CCTAACCGTCGTTTCC-1,Brain
CCTAAGAAGAGTGAAG-1,Brain
CCTCACAGTACGGCAA-1,Brain
CCTCACATCGTGTGGC-1,Brain
CCTCAGTGTCTCCCTA-1,Brain
CCTCAGTTCCACGGAC-1,Brain
CCTCATGAGGTGGTTG-1,Brain
CCTCCAAGTCAAATCC-1,Brain
CCTCCAATCGGCTGGT-1,Brain
CCTCTAGAGGGTTTCT-1,Brain
CCTCTCCGTCGTACTA-1,Brain
CCTCTCCGTGGCTCTG-1,Brain
CCTGCATGTAGTTACC-1,Brain
CCTTCAGTCCGCGATG-1,Brain
CCTTGTGAGCTACTAC-1,Brain
CCTTGTGGTTCAACGT-1,Brain
CCTTTGGGTTCCGCAG-1,Brain
CGACAGCAGCCAAGGT-1,Brain
CGACAGCCAGCTTTGA-1,Brain
CGACAGCGTACATTGC-1,Brain
CGAGGAAAGAATCCCT-1,Brain
CGAGGCTTCCAAATGC-1,Brain
CGAGGCTTCCCATACC-1,Brain
CGAGTGCAGTCTTGGT-1,Brain
CGAGTTATCAGCTTGA-1,Brain
CGAGTTATCCGGTTCT-1,Brain
CGATCGGAGACTTCAC-1,Brain
CGATGGCGTGGAAATT-1,Brain
CGCAGGTCACCGGTCA-1,Brain
CGCATGGCACCCTAGG-1,Brain
CGCCAGATCAATCTCT-1,Brain
CGCCATTAGCTCGGCT-1,Brain
CGCGTGAAGTGGATTA-1,Brain
CGCGTGACACCCAAGC-1,Brain
CGCGTGACACCGGCTA-1,Brain
CGGACACGTCCTGTTC-1,Brain
CGGACACGTGTCATCA-1,Brain
CGGAGAAGTCGATTTG-1,Brain
CGGGACTAGGAAGTAG-1,Brain
CGGGCATTCCCGTGTT-1,Brain
CGGGCATTCTAGCCAA-1,Brain
CGGGTCATCAGCATTG-1,Brain
CGGGTCATCCGGCAAC-1,Brain
CGGTCAGCAAACCACT-1,Brain
CGTAAGTGTAAGACCG-1,Brain
CGTCCATCAGCATACT-1,Brain
CGTCCATGTAGTGCGA-1,Brain
CGTCCATTCCTCAGAA-1,Brain
CGTGAATCAAGGGTCA-1,Brain
CGTGCTTCAGGTGAGT-1,Brain
CGTGCTTGTGGGAGAG-1,Brain
CGTTAGAGTATTTCGG-1,Brain
CGTTCTGAGCAGCCTC-1,Brain
CGTTCTGGTGATTAGA-1,Brain
CGTTCTGTCGCTTAAG-1,Brain
CGTTCTGTCTGCAGCG-1,Brain
CGTTGGGAGCTCGTGC-1,Brain
CGTTGGGCACGCAAAG-1,Brain
CTAACCCCATTCAGCA-1,Brain
CTAACCCTCCGTAGGC-1,Brain
CTACAGACACACGCCA-1,Brain
CTACCCACACATGTTG-1,Brain
CTACCCATCTCTAGGA-1,Brain
CTACCTGAGTGGAAGA-1,Brain
CTACCTGCAAAGGGCT-1,Brain
CTACCTGTCCGTTTCG-1,Brain
CTACTATAGTCGTCTA-1,Brain
CTACTATTCCGCAAAT-1,Brain
CTAGACAAGTGCGTCC-1,Brain
CTAGACAAGTGGTTAA-1,Brain
CTAGGTACATGAAGCG-1,Brain
CTATCCGTCCTCTCTT-1,Brain
CTATCTATCCTGTAAG-1,Brain
CTCAACCCACATTCGA-1,Brain
CTCAACCGTCGTGTTA-1,Brain
CTCAACCTCCTCTAGC-1,Brain
CTCAAGAAGTGGATTA-1,Brain
CTCAAGACAAATCAGA-1,Brain
CTCAAGAGTCACGACC-1,Brain
CTCAATTTCCTATTGT-1,Brain
CTCAGAACAACACACT-1,Brain
CTCAGAATCGTTGTAG-1,Brain
CTCAGGGAGGTGCCAA-1,Brain
CTCAGGGTCACTCGAA-1,Brain
CTCAGTCTCTGTCGCT-1,Brain
CTCATCGCAGTCAGCC-1,Brain
CTCATGCAGTCTGTAC-1,Brain
CTCATTAAGGGACTGT-1,Brain
CTCCAACTCCGATTAG-1,Brain
CTCCCAACAATGTCTG-1,Brain
CTCCCAACACTTCAGA-1,Brain
CTCCCTCCACATATGC-1,Brain
CTCCCTCTCGGCAGTC-1,Brain
CTCCGATTCTTCCACG-1,Brain
CTCCTCCCAGAGACTG-1,Brain
CTCCTTTGTATGACAA-1,Brain
CTCGAGGCAAATTGGA-1,Brain
CTCTCAGCAAGTCATC-1,Brain
CTCTCAGCAGCTTCGG-1,Brain
CTCTCGAAGGCCACTC-1,Brain
CTCTGGTGTGAGGAAA-1,Brain
CTGAATGCAGGAAGTC-1,Brain
CTGAGGCTCGGACGTC-1,Brain
CTGATCCAGCCGTTGC-1,Brain
CTGCAGGAGAAGTCCG-1,Brain
CTGCATCTCAGCTAGT-1,Brain
CTGCCATAGAAGCGAA-1,Brain
CTGCCATAGAGTATAC-1,Brain
CTGCCATAGTGGATAT-1,Brain
CTGCCTAAGATGCAGC-1,Brain
CTGCCTAAGGGTCTTT-1,Brain
CTGCGAGAGAGGGTAA-1,Brain
CTGCTCAGTTAATGAG-1,Brain
CTGCTCATCACACGAT-1,Brain
CTGGCAGAGCGGTAAC-1,Brain
CTGGTCTAGTCGGGAT-1,Brain
CTGGTCTTCTAGAGCT-1,Brain
CTGTACCGTGACACGA-1,Brain
CTGTAGATCACCGGTG-1,Brain
CTGTCGTCACTCGATA-1,Brain
CTGTCGTCAGTTCCAA-1,Brain
CTGTCGTGTTGCCGAC-1,Brain
CTGTCGTTCGTCTAAG-1,Brain
CTGTGAAAGCTCATAC-1,Brain
CTTACCGCACGCTGCA-1,Brain
CTTAGGATCACAAGGG-1,Brain
CTTCAATGTCTCGACG-1,Brain
CTTCCGATCGAAGGAC-1,Brain
CTTCCGATCGCGGACT-1,Brain
CTTCCGATCGCTGTTC-1,Brain
CTTCCGATCTTCCGTG-1,Brain
CTTCGGTTCAGTGTCA-1,Brain
CTTCTAACACACCAGC-1,Brain
CTTGAGACATGACGTT-1,Brain
CTTGAGAGTTACACTG-1,Brain
CTTGATTGTTCTATCT-1,Brain
CTTTCAAAGATGAACT-1,Brain
CTTTCAAAGATTTGCC-1,Brain
CTTTCAAGTGACTGTT-1,Brain
CTTTCGGAGCTGCGAA-1,Brain
GAAACCTAGGGAGAAT-1,Brain
GAAATGAGTGGAAGTC-1,Brain
GAAATGATCGATGCTA-1,Brain
GAACTGTGTTCTATCT-1,Brain
GAACTGTGTTGGAGGT-1,Brain
GAACTGTTCTGGTGCG-1,Brain
GAAGAATGTATCGCGC-1,Brain
GAAGCCCAGGCACTCC-1,Brain
GAAGCGACAGCGACAA-1,Brain
GAAGGACCAACGACAG-1,Brain
GAAGGGTAGCGAGGAG-1,Brain
GAAGTAAGTTCACGAT-1,Brain
GAATCACGTAATGATG-1,Brain
GAATCACGTCCGACGT-1,Brain
GACACGCTCACATTGG-1,Brain
GACAGCCCACCATTCC-1,Brain
GACAGCCTCAGAATAG-1,Brain
GACAGCCTCCTGGCTT-1,Brain
GACATCAAGCTACTGT-1,Brain
GACCAATTCGCGAAGA-1,Brain
GACCCTTCAATCGAAA-1,Brain
GACCCTTCAGAGCTAG-1,Brain
GACCCTTGTACGATCT-1,Brain
GACCCTTGTCGTCATA-1,Brain
GACCCTTTCACTCACC-1,Brain
GACCGTGAGTACGTCT-1,Brain
GACCGTGTCTGACGCG-1,Brain
GACGTTATCAAGCTTG-1,Brain
GACTCAAGTGATACCT-1,Brain
GACTCTCAGCAAGGAA-1,Brain
GACTCTCCATACAGCT-1,Brain
GACTCTCCATGGGCAA-1,Brain
GACTCTCGTTCTTGCC-1,Brain
GACTGATAGGCGAACT-1,Brain
GACTGATAGTGGCCTC-1,Brain
GACTGATCAATGTCAC-1,Brain
GACTGATCAATTCGTG-1,Brain
GACTGATCAGTAGGAC-1,Brain
GACTGATTCTCCTACG-1,Brain
GACTTCCCATAATCGC-1,Brain
GAGACCCGTACACGCC-1,Brain
GAGCCTGGTAACTGCT-1,Brain
GAGCCTGTCACTAGCA-1,Brain
GAGCTGCCACTTGGCG-1,Brain
GAGGCAACACTTGTGA-1,Brain
GAGGGTACAGTAACCT-1,Brain
GAGGGTAGTCAGTTTG-1,Brain
GAGTCATCAGTGACCC-1,Brain
GAGTCTAAGCCGTCGT-1,Brain
GAGTCTAAGGCGAACT-1,Brain
GAGTCTACACTGGCCA-1,Brain
GAGTGAGGTAAGGCCA-1,Brain
GAGTGAGTCGGCTTCT-1,Brain
GAGTGTTCACGCGCTA-1,Brain
GAGTTGTAGATCCTAC-1,Brain
GAGTTGTGTAGGTACG-1,Brain
GAGTTTGAGGGTACAC-1,Brain
GAGTTTGCATCAGTGT-1,Brain
GATAGAAAGTAACAGT-1,Brain
GATAGAACAGATTTCG-1,Brain
GATAGCTGTTGGCCTG-1,Brain
GATAGCTTCCCGAGTG-1,Brain
GATCACATCGAGAGCA-1,Brain
GATCAGTTCATGCCGG-1,Brain
GATCATGAGCTTGTGT-1,Brain
GATCATGCACTGATTG-1,Brain
GATCATGTCAGCATTG-1,Brain
GATCCCTCAACGGCTC-1,Brain
GATCCCTCAATAGGAT-1,Brain
GATCCCTTCCAACTAG-1,Brain
GATCGTAAGTACCGGA-1,Brain
GATCGTACACTCAAGT-1,Brain
GATCGTACAGTTCCAA-1,Brain
GATGACTGTAGAATAC-1,Brain
GATGACTTCGCTTGAA-1,Brain
GATGAGGGTCAGTCTA-1,Brain
GATGATCCACCCGTAG-1,Brain
GATGATCGTGTTCGAT-1,Brain
GATGATCTCCCAGGAC-1,Brain
GATGCTAAGTCTGGAG-1,Brain
GATGCTATCCCGTAAA-1,Brain
GATGGAGCAGCAGGAT-1,Brain
GATGGAGCATCCGAGC-1,Brain
GATGGAGCATCGAAGG-1,Brain
GATGGAGCATCGGTTA-1,Brain
GATGTTGCATTACGGT-1,Brain
GATGTTGTCACCATGA-1,Brain
GATTCGAAGCTAAGTA-1,Brain
GATTCGATCATCCCGT-1,Brain
GATTCGATCTTCTAAC-1,Brain
GATTCTTAGTAGGGTC-1,Brain
GATTTCTCAATAGAGT-1,Brain
GATTTCTGTCACCGAC-1,Brain
GATTTCTTCACCTCGT-1,Brain
GCACATATCACTTGGA-1,Brain
GCACGGTTCCAACTAG-1,Brain
GCACGTGCACCCAACG-1,Brain
GCACGTGCAGAGTTCT-1,Brain
GCACGTGGTAAGATCA-1,Brain
GCACTAACACGTCATA-1,Brain
GCAGCTGTCATCGGGC-1,Brain
GCAGTTACAATCGTCA-1,Brain
GCAGTTACAGCGTTGC-1,Brain
GCAGTTACATGTGGTT-1,Brain
GCAGTTAGTAGGGAGG-1,Brain
GCAGTTATCTCCCTAG-1,Brain
GCATCTCAGTGACACG-1,Brain
GCATGATAGCAAATGT-1,Brain
GCATGATCACTGAGTT-1,Brain
GCATGATGTTCCGCAG-1,Brain
GCATGATTCGCTGCGA-1,Brain
GCCAACGAGGATCATA-1,Brain
GCCAACGGTCGTGATT-1,Brain
GCCAACGGTTAAGACA-1,Brain
GCCAACGTCACTCACC-1,Brain
GCCAACGTCCACAGCG-1,Brain
GCCAGTGAGCTTGTTG-1,Brain
GCCATTCTCACAGTGT-1,Brain
GCCATTCTCCGAACGC-1,Brain
GCCATTCTCGGATACT-1,Brain
GCCCAGATCACCGACG-1,Brain
GCCCAGATCTACTGCC-1,Brain
GCCCGAAAGTACCCTA-1,Brain
GCCCGAACACACGGAA-1,Brain
GCCGTGAAGGAGAGTA-1,Brain
GCCGTGAAGTGAATAC-1,Brain
GCCGTGATCATGCGGC-1,Brain
GCCTGTTAGCAGTAAT-1,Brain
GCGAGAATCCACGAAT-1,Brain
GCGAGAATCGTGGGAA-1,Brain
GCGAGAATCTTCCCGA-1,Brain
GCGATCGCAAGCGCAA-1,Brain
GCGATCGCATGATAGA-1,Brain
GCGGATCGTACCTAAC-1,Brain
GCGGATCGTGTTGCCG-1,Brain
GCGTGCAGTACGATGG-1,Brain
GCGTGCATCTTGAACG-1,Brain
GCGTTTCCACAGCTGC-1,Brain
GCGTTTCTCATACGAC-1,Brain
GCTACAAGTGGATTTC-1,Brain
GCTACAATCGTAGGAG-1,Brain
GCTCAAAGTGGTTTGT-1,Brain
GCTGAATAGGATACCG-1,Brain
GCTGAATCATTCAGCA-1,Brain
GCTGAATTCCGAAATC-1,Brain
GCTGGGTAGAAGCCAC-1,Brain
GCTGGGTAGGTGTGAC-1,Brain
GCTGGGTGTACCTATG-1,Brain
GCTGGGTTCCATCGTC-1,Brain
GCTGGGTTCCGGCAGT-1,Brain
GCTTCACGTCACTCAA-1,Brain
GCTTCACGTTCTGACA-1,Brain
GCTTCACTCCGTGTAA-1,Brain
GCTTGGGGTTTGGGTT-1,Brain
GCTTTCGAGGTTACCT-1,Brain
GCTTTCGCATGTCGTA-1,Brain
GCTTTCGGTTAGGCCC-1,Brain
GCTTTCGTCACTGGTA-1,Brain
GGAACCCCAGAGAATT-1,Brain
GGAACCCGTGGCGCTT-1,Brain
GGAACCCTCACGTAGT-1,Brain
GGAAGTGAGCTGACCC-1,Brain
GGAATCTAGTAAGGGA-1,Brain
GGAATGGGTAGCTAAA-1,Brain
GGAATGGTCAGGGATG-1,Brain
GGACGTCAGCTTCATG-1,Brain
GGACGTCCAGATTTCG-1,Brain
GGAGAACCAAGCTCTA-1,Brain
GGAGAACTCTACTTCA-1,Brain
GGAGATGTCACGAGGA-1,Brain
GGAGCAAAGAGCAAGA-1,Brain
GGAGCAATCCAGCTCT-1,Brain
GGAGGATGTGTTGCCG-1,Brain
GGAGGATGTTTACCTT-1,Brain
GGAGGTAAGAAGGATG-1,Brain
GGAGGTAAGCCAAGTG-1,Brain
GGAGGTAGTGAGCGAT-1,Brain
GGAGGTAGTTTCACAG-1,Brain
GGAGGTATCAAGCCTA-1,Brain
GGAGGTATCCGAGTGC-1,Brain
GGATCTAAGAAGTCAT-1,Brain
GGATCTACAATCCTAG-1,Brain
GGATCTAGTACTAACC-1,Brain
GGATCTAGTCATAAAG-1,Brain
GGCACGTAGCCTGGAA-1,Brain
GGCAGTCCACCAAAGG-1,Brain
GGCAGTCCACGGGCTT-1,Brain
GGCAGTCCACGTTGGC-1,Brain
GGCAGTCCAGTTACCA-1,Brain
GGCGTCACACGTCTCT-1,Brain
GGCTGTGCACAGTCCG-1,Brain
GGCTTGGCAAGTACCT-1,Brain
GGCTTGGTCATGCAGT-1,Brain
GGCTTTCAGTCACGAG-1,Brain
GGCTTTCCATACTGAC-1,Brain
GGCTTTCGTGTTGCCG-1,Brain
GGCTTTCTCGCTACGG-1,Brain
GGGAAGTCAGAGGTTG-1,Brain
GGGAAGTGTCCCGCAA-1,Brain
GGGAAGTTCGATTTCT-1,Brain
GGGACCTTCGAGCCAC-1,Brain
GGGACTCCAGGTGGAT-1,Brain
GGGACTCTCCTACGAA-1,Brain
GGGAGATAGACGAAGA-1,Brain
GGGAGATCATCACAGT-1,Brain
GGGATCCAGAGCACTG-1,Brain
GGGATCCTCGGAATGG-1,Brain
GGGATGATCGGCGATC-1,Brain
GGGCGTTCAGTTCCAA-1,Brain
GGGCGTTTCTCAGAAC-1,Brain
GGGCTACAGGCCTGAA-1,Brain
GGGCTACTCTCGACGG-1,Brain
GGGCTCAGTGTCATTG-1,Brain
GGGCTCATCCTACAAG-1,Brain
GGGTAGATCCTGTAGA-1,Brain
GGGTATTAGGTGAGCT-1,Brain
GGGTATTTCATTGTTC-1,Brain
GGGTCACCACTCATAG-1,Brain
GGGTCACGTGCACGCT-1,Brain
GGGTCTGTCGCACTCT-1,Brain
GGGTTATAGCGCGTTC-1,Brain
GGGTTATGTCACTTAG-1,Brain
GGGTTTATCGTGCATA-1,Brain
GGTAACTCAATGTCAC-1,Brain
GGTAACTGTAAGTTGA-1,Brain
GGTAACTTCAGCATTG-1,Brain
GGTAATCTCGAGCACC-1,Brain
GGTCACGGTAGCTGCC-1,Brain
GGTCACGGTATGGTTC-1,Brain
GGTCACGGTCTTCATT-1,Brain
GGTCACGGTGGCCTCA-1,Brain
GGTCTGGCACCCTGTT-1,Brain
GGTGAAGGTAGAAACT-1,Brain
GGTGATTAGCACTTTG-1,Brain
GGTGATTTCTACGCGG-1,Brain
GGTGGCTTCGGAGATG-1,Brain
GGTGGCTTCGTCCTTG-1,Brain
GGTGTCGAGAACCGCA-1,Brain
GGTGTCGGTGTGATGG-1,Brain
GGTGTTAGTGTGTGGA-1,Brain
GGTTAACCAAGATGGC-1,Brain
GGTTAACCATTCAGCA-1,Brain
GGTTAACGTCGAACGA-1,Brain
GGTTCTCGTACATTGC-1,Brain
GTAACACTCGCAATGT-1,Brain
GTAAGTCAGAGCAGCT-1,Brain
GTAAGTCAGCGTCAGA-1,Brain
GTAAGTCCACCTGAAT-1,Brain
GTAAGTCGTTAGGCTT-1,Brain
GTAATCGGTAGTACGG-1,Brain
GTAATCGGTCATGGCC-1,Brain
GTAATCGTCGAATGCT-1,Brain
GTAATGCGTCACTACA-1,Brain
GTACAACGTCACCACG-1,Brain
GTACAGTTCCACCTGT-1,Brain
GTAGAAATCCTACCGT-1,Brain
GTAGAAATCGGTCTGG-1,Brain
GTAGAGGGTTCGGGTC-1,Brain
GTAGAGGTCCCTCTAG-1,Brain
GTAGCTACAAACTGCT-1,Brain
GTAGGAGAGCATATGA-1,Brain
GTAGGAGGTATTGAGA-1,Brain
GTAGGTTGTAACCCTA-1,Brain
GTAGTACAGATGTTCC-1,Brain
GTAGTACCAGACGATG-1,Brain
GTAGTACTCGTTCATT-1,Brain
GTATTGGCATCCAATG-1,Brain
GTATTTCAGACGCATG-1,Brain
GTATTTCAGCCTAGGA-1,Brain
GTCAAACAGCATAGGC-1,Brain
GTCAAACGTATGCTTG-1,Brain
GTCAAGTAGGTTGGTG-1,Brain
GTCAAGTGTTGACGGA-1,Brain
GTCACGGCATTCAGCA-1,Brain
GTCACGGGTCTTGTCC-1,Brain
GTCACGGGTTAGGACG-1,Brain
GTCACGGTCATTACGG-1,Brain
GTCACGGTCCACGGGT-1,Brain
GTCACTCCATAATCCG-1,Brain
GTCATCCGTAAGCAAT-1,Brain
GTCATGAGTGAGCAGT-1,Brain
GTCATTTCATGACTTG-1,Brain
GTCATTTGTGGCTTGC-1,Brain
GTCCTCAAGAGTTGAT-1,Brain
GTCCTCAGTGGCAGAT-1,Brain
GTCGAATCAACCGTAT-1,Brain
GTCGAATGTTCTCCCA-1,Brain
GTCGTAAAGAGTCTGG-1,Brain
GTCGTAAAGTGTCATC-1,Brain
GTCGTAAGTGCCGAAA-1,Brain
GTCGTTCAGGAACGAA-1,Brain
GTCGTTCCATCGAAGG-1,Brain
GTCGTTCGTTGGTACT-1,Brain
GTCTACCCAGGGACTA-1,Brain
GTCTACCGTTCTGACA-1,Brain
GTCTACCTCTTTCGAT-1,Brain
GTCTAGAGTGTGCTTA-1,Brain
GTCTAGATCGTTATCT-1,Brain
GTCTCACGTGTCCAAT-1,Brain
GTCTGTCCAGTCGCTG-1,Brain
GTCTGTCGTGAGGAAA-1,Brain
GTCTTTACATAACCCA-1,Brain
GTCTTTAGTCATCTAG-1,Brain
GTGAGTTCATGACTAC-1,Brain
GTGATGTAGGCACAAC-1,Brain
GTGCACGAGTGATAGT-1,Brain
GTGCACGTCGCCAATA-1,Brain
GTGCAGCAGAAGTATC-1,Brain
GTGCAGCCAACTGCTA-1,Brain
GTGCAGCCAAGTGCTT-1,Brain
GTGCAGCGTCCCGCAA-1,Brain
GTGCTGGCACAGCCTG-1,Brain
GTGCTGGTCCATTGCC-1,Brain
GTGCTTCGTCGCTCGA-1,Brain
GTGGAAGAGAGAGCAA-1,Brain
GTGGAAGAGGCTCAAG-1,Brain
GTGGAGACAGCGTACC-1,Brain
GTGGAGAGTGCGGTAA-1,Brain
GTGGAGATCCTATGGA-1,Brain
GTGGCGTAGCGTGTCC-1,Brain
GTGGCGTCACTTCATT-1,Brain
GTGGCGTGTATGTCTG-1,Brain
GTGGCGTTCCGGTAAT-1,Brain
GTGGTTAAGAACGTGC-1,Brain
GTGGTTACACTGCGTG-1,Brain
GTGGTTATCAATCAGC-1,Brain
GTGTCCTAGACAAGCC-1,Brain
GTGTCCTCATACTGTG-1,Brain
GTGTCCTTCCTTTAGT-1,Brain
GTGTGATCATCCCACT-1,Brain
GTGTGGCGTAAGATTG-1,Brain
GTTACAGCAAGCGGAT-1,Brain
GTTACAGGTGACGTCC-1,Brain
GTTACAGTCTGGGATT-1,Brain
GTTACCCTCCAAACCA-1,Brain
GTTACGAAGGTAGTAT-1,Brain
GTTAGACGTTAAACAG-1,Brain
GTTAGACTCCATGATG-1,Brain
GTTAGTGCAGAAATTG-1,Brain
GTTAGTGGTAGCGCTC-1,Brain
GTTATGGCACATTGTG-1,Brain
GTTATGGGTACTGCGC-1,Brain
GTTATGGTCCGCTTAC-1,Brain
GTTATGGTCCTACGGG-1,Brain
GTTATGGTCTGGAAGG-1,Brain
GTTCCGTCAAGGCAAC-1,Brain
GTTCCGTGTTCCTAGA-1,Brain
GTTCCGTTCCGTATAG-1,Brain
GTTCGCTTCTGGCCAG-1,Brain
GTTCTATTCTTGATTC-1,Brain
GTTGAACCAACGTAAA-1,Brain
GTTGAACGTACTCCCT-1,Brain
GTTGCGGGTTACAGCT-1,Brain
GTTGTAGCACTAAACC-1,Brain
GTTGTCCGTCGCTCGA-1,Brain
GTTGTCCTCATGGAGG-1,Brain
GTTGTGAAGACCCTTA-1,Brain
GTTGTGAAGTATCTGC-1,Brain
GTTGTGAGTGGTCAAG-1,Brain
GTTGTGAGTTCGCGTG-1,Brain
GTTGTGAGTTGTGCCG-1,Brain
GTTTACTCAGGTGTTT-1,Brain
GTTTACTCATGACACT-1,Brain
GTTTACTGTTATAGCC-1,Brain
GTTTACTTCGGTCTAA-1,Brain
GTTTGGAAGAACGTGC-1,Brain
GTTTGGATCATGCGGC-1,Brain
TAACACGAGAAATTGC-1,Brain
TAACACGAGATACGAT-1,Brain
TAACACGGTGCATTTG-1,Brain
TAACCAGAGAAACTAC-1,Brain
TAACCAGGTAGTTACC-1,Brain
TAACGACAGCGCCCAT-1,Brain
TAACGACCATCAGCTA-1,Brain
TAAGCACAGAACTGAT-1,Brain
TAAGCACGTAGGCTGA-1,Brain
TAAGCGTAGCTAGATA-1,Brain
TAATCTCGTCACGCTG-1,Brain
TAATTCCCAGCGTGAA-1,Brain
TACAACGAGTACAACA-1,Brain
TACAACGCACGCAAAG-1,Brain
TACACCCCAAATTGCC-1,Brain
TACACCCCAATGTCTG-1,Brain
TACACCCGTTCTCAGA-1,Brain
TACCCACGTCGCTCGA-1,Brain
TACCCGTGTCCTCCAT-1,Brain
TACCGAACATGAATAG-1,Brain
TACCGAATCGCCAGTG-1,Brain
TACCGAATCTGAATCG-1,Brain
TACCGGGAGGTAAGAG-1,Brain
TACCGGGCAACTTGGT-1,Brain
TACCGGGTCACTGATG-1,Brain
TACCGGGTCTTCACGC-1,Brain
TACCTCGTCATACGGT-1,Brain
TACCTCGTCGGTCATA-1,Brain
TACCTGCAGTAGGGTC-1,Brain
TACCTGCTCTTTCGAT-1,Brain
TACGCTCAGCAGTCTT-1,Brain
TACGGGCAGCTCCGAC-1,Brain
TACGGGCGTTACGGAG-1,Brain
TACTTACAGGCCTGCT-1,Brain
TACTTACGTGGAGGTT-1,Brain
TACTTGTCATGACTTG-1,Brain
TACTTGTGTCTACAAC-1,Brain
TAGACCACAAATCAGA-1,Brain
TAGACCACAACGTATC-1,Brain
TAGACCACATGGAAGC-1,Brain
TAGACCAGTGACCGAA-1,Brain
TAGACTGCAGGTTACT-1,Brain
TAGACTGGTTCCCACT-1,Brain
TAGACTGGTTGCTGAT-1,Brain
TAGATCGCACACCAGC-1,Brain
TAGCACACACCAAAGG-1,Brain
TAGGAGGGTATCACCA-1,Brain
TAGGAGGGTGACACGA-1,Brain
TAGGAGGGTGCGACAA-1,Brain
TAGGGTTTCCCATTCG-1,Brain
TAGGTACCACTCTGCT-1,Brain
TAGTGCACAGAGTGAC-1,Brain
TAGTGCACATTCTGTT-1,Brain
TATACCTAGTTTGGCT-1,Brain
TATACCTTCGCAGATT-1,Brain
TATATCCTCCCAGGCA-1,Brain
TATCAGGAGCGATGCA-1,Brain
TATCAGGTCACTGCTC-1,Brain
TATCCTAAGATGGTAT-1,Brain
TATCGCCCAGAATGTA-1,Brain
TATCTGTAGATGGTAT-1,Brain
TATCTTGCACAAGTTC-1,Brain
TATCTTGTCGCCACTT-1,Brain
TATGTTCTCGCGTCGA-1,Brain
TATTCCACAGCTGCCA-1,Brain
TATTCCATCCAAGCTA-1,Brain
TATTGCTAGGCGAAGG-1,Brain
TATTGCTCATGTGGTT-1,Brain
TATTGGGGTGGCTTGC-1,Brain
TATTGGGTCATTACCT-1,Brain
TATTTCGAGGATAATC-1,Brain
TATTTCGTCACGGGAA-1,Brain
TCAAGCAGTATCGTTG-1,Brain
TCAAGTGAGAAGGATG-1,Brain
TCAAGTGCATCAGTGT-1,Brain
TCAATCTAGATAGGGA-1,Brain
TCAATCTTCATCACTT-1,Brain
TCAATTCCATCTGGGC-1,Brain
TCACAAGAGACGGAAA-1,Brain
TCACAAGCAATTAGGA-1,Brain
TCACAAGTCGTAATGC-1,Brain
TCACACCTCTGCGGCA-1,Brain
TCACATTGTCCATACA-1,Brain
TCACGCTAGATTGGGC-1,Brain
TCACGCTTCCTAGAGT-1,Brain
TCACTCGAGCGTGTTT-1,Brain
TCACTCGAGTACTGTC-1,Brain
TCAGCAAAGAGCAGTC-1,Brain
TCAGCAACACTGAGTT-1,Brain
TCAGCCTAGCGATGCA-1,Brain
TCAGCCTTCGCCTAGG-1,Brain
TCAGGGCCATCAGCGC-1,Brain
TCAGGGCGTACTGCGC-1,Brain
TCAGGTACAATCGCGC-1,Brain
TCAGGTAGTTTGTTGG-1,Brain
TCAGTCCGTGCAGATG-1,Brain
TCAGTCCGTGGAACCA-1,Brain
TCAGTGATCTGCTGAA-1,Brain
TCATACTTCAGCACCG-1,Brain
TCATATCTCATTCCTA-1,Brain
TCATCATAGATGTTAG-1,Brain
TCATCATGTCCTCATC-1,Brain
TCATCATTCGTTAGAC-1,Brain
TCATCCGCATCCGGCA-1,Brain
TCATGGAAGTCACAGG-1,Brain
TCATGGAGTTCAAACC-1,Brain
TCATTACCAACCGTGC-1,Brain
TCATTACGTGAATTGA-1,Brain
TCATTACGTTTCCAAG-1,Brain
TCATTGTAGGAATGTT-1,Brain
TCATTTGAGGATTCAA-1,Brain
TCATTTGGTCCGTACG-1,Brain
TCATTTGTCTCTGAGA-1,Brain
TCCACCAAGTGCGCTC-1,Brain
TCCACCACAATAAGGT-1,Brain
TCCACCACAGTGTATC-1,Brain
TCCACCATCACGGACC-1,Brain
TCCATGCAGCACACCC-1,Brain
TCCCACACAGGTTCGC-1,Brain
TCCCACAGTCAATCTG-1,Brain
TCCCATGAGCACTAGG-1,Brain
TCCCATGAGCTTAAGA-1,Brain
TCCGAAAAGCCATATC-1,Brain
TCCGAAACACGTACTA-1,Brain
TCCGAAAGTCTAGTGT-1,Brain
TCCGATCAGCATAGGC-1,Brain
TCCGATCTCCCGTAAA-1,Brain
TCCGATCTCCTTATAC-1,Brain
TCCGGGATCCTCAGGG-1,Brain
TCCGTGTTCACAAGGG-1,Brain
TCCGTGTTCTCCAAGA-1,Brain
TCCTAATAGCAATTCC-1,Brain
TCCTAATAGTGAGCCA-1,Brain
TCCTAATCAAGTCATC-1,Brain
TCCTAATTCACTAGCA-1,Brain
TCCTCGACACAGTCAT-1,Brain
TCCTCGAGTTGAGGAC-1,Brain
TCCTCTTTCCAACCGG-1,Brain
TCGAACACAAGGTTGG-1,Brain
TCGAACATCTCCCTAG-1,Brain
TCGACCTCACGGATCC-1,Brain
TCGACCTGTGCCCAGT-1,Brain
TCGACGGCATCGAGCC-1,Brain
TCGCACTGTAGTACGG-1,Brain
TCGCAGGTCACGACTA-1,Brain
TCGCTCAAGTCAATCC-1,Brain
TCGCTCACAATGCAGG-1,Brain
TCGCTTGGTGCCTATA-1,Brain
TCGCTTGTCCCGAGTG-1,Brain
TCGGATAAGGTTAAAC-1,Brain
TCGGGACAGAGCACTG-1,Brain
TCGGGACTCGGTCACG-1,Brain
TCGGGCACATGTCTAG-1,Brain
TCGGGCATCTCATTAC-1,Brain
TCGGGTGTCGAATCCA-1,Brain
TCGGTCTCAGGTCAAG-1,Brain
TCGTCCAAGGTCATAA-1,Brain
TCGTCCAGTAGGAGGG-1,Brain
TCGTCCAGTCTCAAGT-1,Brain
TCGTCCAGTTCTCGCT-1,Brain
TCGTCCATCTTCGGAA-1,Brain
TCGTGCTTCTCGGGAC-1,Brain
TCTAACTCATGAATCC-1,Brain
TCTACATAGTAATTGG-1,Brain
TCTACATCACCTGCAG-1,Brain
TCTACATTCCCAGTGG-1,Brain
TCTATACCATGCCGAC-1,Brain
TCTATACGTTGCAACT-1,Brain
TCTCCGACAGCACCCA-1,Brain
TCTGCCAGTCTAACGT-1,Brain
TCTGCCATCACCATAG-1,Brain
TCTGTCGAGGTAAGTT-1,Brain
TCTGTCGCATTCACCC-1,Brain
TCTTAGTCAAGCAGGT-1,Brain
TCTTCCTTCGAACACT-1,Brain
TCTTGCGAGCCACCGT-1,Brain
TCTTGCGCATGTTCGA-1,Brain
TCTTTGAAGAAATCCA-1,Brain
TCTTTGAAGACGCCAA-1,Brain
TCTTTGAAGGGCCTCT-1,Brain
TCTTTGAGTCTCAAGT-1,Brain
TGAACGTAGAGTCAGC-1,Brain
TGAACGTGTATCGAAA-1,Brain
TGAATGCCATGTGGTT-1,Brain
TGAATGCGTCCCTAAA-1,Brain
TGACAGTCACACAGAG-1,Brain
TGACCCTGTGTCCGGT-1,Brain
TGAGACTAGAGCAGTC-1,Brain
TGAGCATTCTCTATAC-1,Brain
TGAGGAGCAAGGTCTT-1,Brain
TGAGGAGCAGCTATAC-1,Brain
TGAGGGAGTTGCATAC-1,Brain
TGAGGTTGTGGCTAGA-1,Brain
TGAGTCAAGCTAATCC-1,Brain
TGAGTCATCCCGTTCA-1,Brain
TGATCAGGTCTGCATA-1,Brain
TGATCAGGTGTATTCG-1,Brain
TGATCAGTCTTACCAT-1,Brain
TGATGCATCGTCCATC-1,Brain
TGATGGTAGTCACGAG-1,Brain
TGATGGTCATCGGTTA-1,Brain
TGATGGTGTCATAAAG-1,Brain
TGATTCTTCTGGCTGG-1,Brain
TGATTTCGTTCGAACT-1,Brain
TGATTTCTCCTCACCA-1,Brain
TGATTTCTCGAAACAA-1,Brain
TGCAGATAGTTGCTGT-1,Brain
TGCAGATCAAGTGATA-1,Brain
TGCAGATTCTAGATCG-1,Brain
TGCAGGCGTGGACTGA-1,Brain
TGCAGGCTCACCTCAC-1,Brain
TGCAGTAAGGCGTTGA-1,Brain
TGCATGAGTAAGCTCT-1,Brain
TGCATGATCTTCACAT-1,Brain
TGCCGAGAGTTTGGCT-1,Brain
TGCCGAGCAGGCCCTA-1,Brain
TGCCGAGGTAGTTAGA-1,Brain
TGCGGCAAGCACGTCC-1,Brain
TGCGGCAAGCCTCACG-1,Brain
TGCTCCAAGGTGTGAC-1,Brain
TGCTTCGTCTTAGTTC-1,Brain
TGCTTGCCAGCACACC-1,Brain
TGGAACTAGCCGGATA-1,Brain
TGGAACTAGCTACTAC-1,Brain
TGGAACTCACTACACA-1,Brain
TGGAGAGCAAGTAGTA-1,Brain
TGGAGAGGTCTTGCGG-1,Brain
TGGAGAGTCACTGCTC-1,Brain
TGGAGGACACCGTACG-1,Brain
TGGATCATCAATCAGC-1,Brain
TGGATGTTCCTGTTAT-1,Brain
TGGCGTGAGAAGCGGG-1,Brain
TGGGAAGTCGACATCA-1,Brain
TGGGAGACATCGCTGG-1,Brain
TGGGAGATCCCAAGTA-1,Brain
TGGGATTAGCGTATAA-1,Brain
TGGGATTTCAGTCTTT-1,Brain
TGGGATTTCGAGTGAG-1,Brain
TGGGATTTCTCGACCT-1,Brain
TGGGCTGCACACGGAA-1,Brain
TGGGCTGTCGAAATCC-1,Brain
TGGGTTATCAGTGCGC-1,Brain
TGGGTTATCCCTGGTT-1,Brain
TGGTAGTGTATGAAGT-1,Brain
TGGTGATGTCCCGGTA-1,Brain
TGGTTAGAGAGAGCCT-1,Brain
TGGTTAGCAGTAGTTC-1,Brain
TGGTTAGTCTCGGTAA-1,Brain
TGTAACGAGCTAATGA-1,Brain
TGTAACGTCTCTCAAT-1,Brain
TGTAAGCTCCTTCTAA-1,Brain
TGTACAGAGGATATGT-1,Brain
TGTACAGCAACCTAAC-1,Brain
TGTACAGCATTGACCA-1,Brain
TGTCAGATCGCTGCGA-1,Brain
TGTCCTGAGCACTAGG-1,Brain
TGTGATGCACCATAAC-1,Brain
TGTGTGACAGCCGGTT-1,Brain
TGTGTGAGTCGGAAAC-1,Brain
TGTGTGATCAGGGATG-1,Brain
TGTTACTAGGGAGTGG-1,Brain
TGTTCATCATGACTCA-1,Brain
TGTTCATGTAGGGAGG-1,Brain
TGTTCATGTGGACCTC-1,Brain
TGTTCTAGTACCTTCC-1,Brain
TGTTGAGAGCACAAAT-1,Brain
TGTTGAGAGCGTTGTT-1,Brain
TGTTGAGGTGTTCAGT-1,Brain
TGTTGGAAGTGATAGT-1,Brain
TGTTGGAGTAGCGTTT-1,Brain
TGTTTGTAGTTCCGGC-1,Brain
TGTTTGTCAGGGTTGA-1,Brain
TGTTTGTGTTCCACGG-1,Brain
TTAATCCTCACGGGAA-1,Brain
TTACAGGCATGGACAG-1,Brain
TTACCATAGCGTTGTT-1,Brain
TTACCGCTCCCTTGTG-1,Brain
TTACGCCCAAATGGTA-1,Brain
TTACGCCGTAACAAGT-1,Brain
TTACGTTTCTGGAGAG-1,Brain
TTACTGTAGACCCGCT-1,Brain
TTAGGCAAGAGAAGGT-1,Brain
TTAGGCACATCGTCCT-1,Brain
TTAGTCTAGGACAGTC-1,Brain
TTAGTCTCAGACCATT-1,Brain
TTAGTCTGTTCCTAAG-1,Brain
TTCACCGCATTCCTCG-1,Brain
TTCACCGTCCTCTTTC-1,Brain
TTCAGGATCCTCATAT-1,Brain
TTCATGTCACCAGTAT-1,Brain
TTCCAATAGCATAGGC-1,Brain
TTCCAATAGTAATCCC-1,Brain
TTCCACGTCCGCGGAT-1,Brain
TTCCGTGAGCCTGTGC-1,Brain
TTCCTAAGTCTTAGTG-1,Brain
TTCCTCTAGGACAAGA-1,Brain
TTCCTTCAGACGGATC-1,Brain
TTCCTTCAGCTCGACC-1,Brain
TTCGCTGTCACATTGG-1,Brain
TTCGGTCAGCCTCAAT-1,Brain
TTCGGTCAGGAGTATT-1,Brain
TTCGGTCTCAAGAATG-1,Brain
TTCTAACAGACTGGGT-1,Brain
TTCTCTCCAAGACGAC-1,Brain
TTCTGTACACACCTGG-1,Brain
TTCTTCCGTCTTTATC-1,Brain
TTCTTGAAGTGAGGCT-1,Brain
TTCTTGAGTAACCCTA-1,Brain
TTCTTGAGTCGAGATG-1,Brain
TTGACCCTCGATACGT-1,Brain
TTGAGTGAGGTGCGAT-1,Brain
TTGAGTGCATCCTCAC-1,Brain
TTGAGTGTCCGATGCG-1,Brain
TTGATGGAGCGACATG-1,Brain
TTGATGGCAAGATGGC-1,Brain
TTGATGGGTAAGCGGT-1,Brain
TTGATGGGTAGCTTTG-1,Brain
TTGCATTAGACGATAT-1,Brain
TTGCATTCAGAGGAAA-1,Brain
TTGCCTGAGAGTGACC-1,Brain
TTGCCTGGTTCCCAAA-1,Brain
TTGCCTGTCCGACATA-1,Brain
TTGCGTCAGTATGAAC-1,Brain
TTGCGTCAGTTTCTTC-1,Brain
TTGGATGAGACCAGCA-1,Brain
TTGGATGAGAGAGCGG-1,Brain
TTGGATGAGTCATTGC-1,Brain
TTGGATGTCGACATAC-1,Brain
TTGGATGTCGTTGTAG-1,Brain
TTGGGCGGTAGGGTAC-1,Brain
TTGGGTACAACACGTT-1,Brain
TTGGTTTAGGTGCTAG-1,Brain
TTGTGTTGTGATGTAA-1,Brain
TTGTTCAAGAAACTCA-1,Brain
TTGTTCAAGACAGCTG-1,Brain
TTGTTCAAGCCAGAGT-1,Brain
TTGTTCAAGGTTGTTC-1,Brain
TTGTTGTGTGTTAGCT-1,Brain
TTGTTTGCACCCAATA-1,Brain
TTTACTGAGAAGGGAT-1,Brain
TTTACTGAGCTCACTA-1,Brain
TTTATGCTCATTTGGG-1,Brain
TTTCACAGTGGCTAGA-1,Brain
TTTCACATCAGCGGAA-1,Brain
TTTCACATCGCAAGAG-1,Brain
TTTCAGTAGACCTCCG-1,Brain
TTTCAGTTCTACCTTA-1,Brain
TTTCATGCACAAGCAG-1,Brain
TTTCATGTCGAACTCA-1,Brain
TTTCGATTCACACCGG-1,Brain
TTTCGATTCCAAACCA-1,Brain
TTTGACTTCGTTCAGA-1,Brain
TTTGATCTCCATAGGT-1,Brain
TTTGGAGAGGCTAACG-1,Brain
TTTGGTTAGTAATCCC-1,Brain
TTTGTTGGTATGGAAT-1,Brain
AAACCCACACCAGTAT-2,Heart
AAACCCAGTCACCTTC-2,Heart
AAACCCAGTGGAACAC-2,Heart
AAACGAAAGTGCCCGT-2,Heart
AAACGAAGTCAGGTGA-2,Heart
AAAGGATAGCACCGAA-2,Heart
AAAGGATGTAACGGTG-2,Heart
AAAGGGCAGGACGGAG-2,Heart
AAAGTGACAGAACATA-2,Heart
AAAGTGATCAAAGGAT-2,Heart
AACAAAGCACATTGTG-2,Heart
AACAACCAGGTTTGAA-2,Heart
AACAAGATCGGATACT-2,Heart
AACAAGATCGGTAAGG-2,Heart
AACACACAGTGCAACG-2,Heart
AACACACTCGCATAGT-2,Heart
AACACACTCGTGCGAC-2,Heart
AACAGGGCATTCACAG-2,Heart
AACCAACAGTTCTCTT-2,Heart
AACCAACTCGTGCGAC-2,Heart
AACCCAAGTAGGGAGG-2,Heart
AACCCAATCACTCACC-2,Heart
AACCTGACACATATGC-2,Heart
AACCTTTAGTGTTGAA-2,Heart
AACCTTTTCGGCAGTC-2,Heart
AACGAAAGTCGGCACT-2,Heart
AACGGGATCTACCTTA-2,Heart
AACGTCAAGTTGGGAC-2,Heart
AACTTCTCAGCTCGGT-2,Heart
AAGACAACATCGATGT-2,Heart
AAGACTCTCTGCCTGT-2,Heart
AAGCATCAGAGGTATT-2,Heart
AAGCGTTCATCAGCAT-2,Heart
AAGGAATCATAGAAAC-2,Heart
AAGGTAAAGGGCAGGA-2,Heart
AAGGTAAAGTAGGATT-2,Heart
AAGTGAAAGTGGACTG-2,Heart
AAGTGAAGTTATGTGC-2,Heart
AAGTTCGAGCTAGAGC-2,Heart
AATAGAGAGTCGCGAA-2,Heart
AATAGAGTCCAGCCTT-2,Heart
AATCACGTCCTATTTG-2,Heart
AATGAAGAGTATAACG-2,Heart
AATGAAGCAGCTGTAT-2,Heart
AATGAAGTCGGCCAAC-2,Heart
AATGACCCAACCAACT-2,Heart
AATGCCAGTCCTCATC-2,Heart
AATGGAAGTAGATTAG-2,Heart
AATGGCTCAACCAACT-2,Heart
AATGGCTCACGTGAGA-2,Heart
AATGGCTGTCCGAAAG-2,Heart
AATTCCTTCTTTCCAA-2,Heart
AATTTCCGTACCATAC-2,Heart
AATTTCCGTTTGCAGT-2,Heart
ACAAGCTCACGCGTCA-2,Heart
ACAAGCTCAGACAAAT-2,Heart
ACAAGCTGTGAAAGTT-2,Heart
ACAAGCTGTTCGATTG-2,Heart
ACACAGTTCACTTGTT-2,Heart
ACACAGTTCCCTGGTT-2,Heart
ACACCAACATTGAGGG-2,Heart
ACACGCGTCGTTCGCT-2,Heart
ACACTGAAGGGTCTTT-2,Heart
ACAGCCGCAGGCTCTG-2,Heart
ACATCCCCACTTCATT-2,Heart
ACATCCCCATGACGTT-2,Heart
ACATGCAAGGTGCGAT-2,Heart
ACATGCATCATTTGGG-2,Heart
ACCAAACGTATGCGTT-2,Heart
ACCACAAGTCGAGTTT-2,Heart
ACCATTTAGTCTGCGC-2,Heart
ACCCAAACACCGCTAG-2,Heart
ACCCAAAGTGGTCTGC-2,Heart
ACCCTCAAGGACCCAA-2,Heart
ACCCTTGAGTCTCCTC-2,Heart
ACCGTTCTCACTGAAC-2,Heart
ACCTGAATCGTGTGAT-2,Heart
ACGATCAAGGGCAGAG-2,Heart
ACGCACGCATCGTTCC-2,Heart
ACGGTCGAGTTGTACC-2,Heart
ACGGTTATCCCGAAAT-2,Heart
ACGTACAAGGGTTTCT-2,Heart
ACGTACAGTAAGCGGT-2,Heart
ACGTTCCGTAACATCC-2,Heart
ACGTTCCTCGACATCA-2,Heart
ACTACGACAGCATCTA-2,Heart
ACTATCTCACGCGTGT-2,Heart
ACTCCCAGTGCCCACA-2,Heart
ACTCCCATCCTCAGAA-2,Heart
ACTCTCGCATCTTAGG-2,Heart
ACTGTCCTCTCCGAGG-2,Heart
ACTGTGACAACACGAG-2,Heart
ACTGTGACAGGGTTGA-2,Heart
ACTGTGAGTTCAAACC-2,Heart
ACTTAGGAGGATGTTA-2,Heart
ACTTAGGGTTCGCGTG-2,Heart
ACTTAGGTCTTGCAAG-2,Heart
ACTTATCTCTGTAAGC-2,Heart
ACTTCCGTCGTGGACC-2,Heart
ACTTTCAGTCGATTCA-2,Heart
ACTTTCAGTTGGGTAG-2,Heart
ACTTTGTAGTGAGGCT-2,Heart
AGAACAATCTCCGATC-2,Heart
AGAACCTGTTTACGTG-2,Heart
AGAAGTACATCCTCAC-2,Heart
AGACAAACAACCGCTG-2,Heart
AGACAAACAGTCAGCC-2,Heart
AGACACTTCGTAGGGA-2,Heart
AGACACTTCTCCAAGA-2,Heart
AGACAGGTCTCCTGCA-2,Heart
AGACCATAGTCATACC-2,Heart
AGACCATGTCTTGAGT-2,Heart
AGACCCGAGTTGCCTA-2,Heart
AGACTCACAGCGTACC-2,Heart
AGACTCATCGCCGTGA-2,Heart
AGAGAATAGTATAGAC-2,Heart
AGAGAATGTTGGACCC-2,Heart
AGATAGACACTATCCC-2,Heart
AGATAGACACTGGAAG-2,Heart
AGATAGATCGTGTTCC-2,Heart
AGATGCTCATCACAGT-2,Heart
AGCCACGAGCGTATAA-2,Heart
AGCCAGCGTCGATTTG-2,Heart
AGCGATTAGAGATTCA-2,Heart
AGCGATTCATTCATCT-2,Heart
AGCGCTGAGACCGTTT-2,Heart
AGCGCTGAGTGAGGTC-2,Heart
AGCGTATTCTACGGGC-2,Heart
AGCTACACAATAGTGA-2,Heart
AGCTACATCTACTGAG-2,Heart
AGCTTCCGTACTCGCG-2,Heart
AGCTTCCTCTACTTCA-2,Heart
AGGAATAAGTACAACA-2,Heart
AGGACGAGTACCTAAC-2,Heart
AGGAGGTAGCCAACCC-2,Heart
AGGAGGTGTACCGGCT-2,Heart
AGGATAATCTGACGCG-2,Heart
AGGATCTAGGCTAAAT-2,Heart
AGGCATTCAGATCATC-2,Heart
AGGCATTTCTGGTGGC-2,Heart
AGGCCACTCCATCACC-2,Heart
AGGCTGCAGCCTATTG-2,Heart
AGGCTGCGTACTCGCG-2,Heart
AGGCTGCTCACCTGTC-2,Heart
AGGCTGCTCAGAGCAG-2,Heart
AGGGAGTTCACCTTGC-2,Heart
AGGGTGAGTGCAACAG-2,Heart
AGGTAGGGTAACTTCG-2,Heart
AGGTAGGGTGCTTCAA-2,Heart
AGGTAGGTCGTGCACG-2,Heart
AGGTCATTCGTGGACC-2,Heart
AGGTTACGTTCCTACC-2,Heart
AGGTTGTAGAGAGTGA-2,Heart
AGGTTGTTCGCCTCTA-2,Heart
AGTAACCCACGGTGCT-2,Heart
AGTAACCGTATGACAA-2,Heart
AGTAACCGTCACATTG-2,Heart
AGTAACCTCAGGGATG-2,Heart
AGTACCACAGAAGCGT-2,Heart
AGTACTGCAGAATGTA-2,Heart
AGTACTGGTTCCCACT-2,Heart
AGTCTCCAGTGCCCGT-2,Heart
AGTCTCCCACTAACGT-2,Heart
AGTCTCCTCCACAGGC-2,Heart
AGTGTTGAGTCTAGAA-2,Heart
AGTGTTGGTCGGAAAC-2,Heart
AGTTCCCAGAGTTGTA-2,Heart
ATACCGACACTGTCCT-2,Heart
ATACCGAGTCAGATTC-2,Heart
ATACTTCTCGGTAACT-2,Heart
ATACTTCTCGTTCCTG-2,Heart
ATAGACCAGTTAGTAG-2,Heart
ATAGACCAGTTAGTGA-2,Heart
ATAGACCCAGACAAGC-2,Heart
ATAGACCCATACCGTA-2,Heart
ATAGAGAAGGAGTATT-2,Heart
ATAGAGATCCCTCTCC-2,Heart
ATAGAGATCTCGCCTA-2,Heart
ATATCCTTCGGTCGAC-2,Heart
ATCACAGCAAATGGAT-2,Heart
ATCACGAAGGCGTTGA-2,Heart
ATCACGAGTTACGCCG-2,Heart
ATCAGGTTCCTCGCAT-2,Heart
ATCATTCAGCTTTGTG-2,Heart
ATCATTCCAGTATTCG-2,Heart
ATCCACCAGCACGTCC-2,Heart
ATCCCTGCACAAGCAG-2,Heart
ATCCCTGGTGGTCCCA-2,Heart
ATCCCTGTCATACAGC-2,Heart
ATCCGTCAGAGTATAC-2,Heart
ATCGATGGTCGTGGTC-2,Heart
ATCGGCGCATGGTACT-2,Heart
ATCGTCCTCTTCCAGC-2,Heart
ATCGTGAAGCAGCGAT-2,Heart
ATCGTGACACCCTAGG-2,Heart
ATCTCTATCCACACCT-2,Heart
ATCTTCAGTGTCTCCT-2,Heart
ATCTTCAGTTGTGCAT-2,Heart
ATCTTCATCCACACAA-2,Heart
ATGAAAGCAACGGCTC-2,Heart
ATGAAAGCACAAAGCG-2,Heart
ATGACCACAGAAGTGC-2,Heart
ATGACCACAGATACCT-2,Heart
ATGAGTCAGCCGAACA-2,Heart
ATGCATGGTCACTACA-2,Heart
ATGCCTCCAGTTCACA-2,Heart
ATGGAGGCACATGTTG-2,Heart
ATGGATCTCACTTGTT-2,Heart
ATGGATCTCTCACTCG-2,Heart
ATGGGAGGTGCGCTCA-2,Heart
ATGGGTTCAACTCATG-2,Heart
ATGGGTTTCATCAGTG-2,Heart
ATGGTTGTCAGTAGGG-2,Heart
ATGTCCCCACCCTAAA-2,Heart
ATGTCTTTCGAGAAAT-2,Heart
ATTACTCAGAAATTGC-2,Heart
ATTATCCAGAACTTCC-2,Heart
ATTATCCAGCTAATCC-2,Heart
ATTATCCGTATACCTG-2,Heart
ATTATCCGTGCTAGCC-2,Heart
ATTCACTAGTAGCTCT-2,Heart
ATTCACTGTGACATCT-2,Heart
ATTCAGGAGAGAGGGC-2,Heart
ATTCAGGCAAACACGG-2,Heart
ATTCAGGCACCCAATA-2,Heart
ATTCATCCATTCAGGT-2,Heart
ATTCATCGTACAGTCT-2,Heart
ATTCCATAGTCGAAGC-2,Heart
ATTCCATTCCCTGGTT-2,Heart
ATTCCCGAGATCACCT-2,Heart
ATTCCCGTCGGCTGAC-2,Heart
ATTCCTACAGACATCT-2,Heart
ATTCGTTAGGCAGGTT-2,Heart
ATTCTACCACTGTGTA-2,Heart
ATTCTACGTCTGATCA-2,Heart
ATTCTTGGTAGGACCA-2,Heart
ATTCTTGTCTCAACGA-2,Heart
CAACAACAGCTACTGT-2,Heart
CAACAGTCAAACCATC-2,Heart
CAACAGTGTCTTGTCC-2,Heart
CAACCTCAGCCTGTGC-2,Heart
CAACCTCCAGACCGCT-2,Heart
CAACGATCAGGCTTGC-2,Heart
CAACGATGTAGATTGA-2,Heart
CAACGGCTCGACGTCG-2,Heart
CAAGACTGTAACACGG-2,Heart
CAAGACTTCGTACCTC-2,Heart
CAAGGGACAATCTGCA-2,Heart
CAATGACGTATGTCTG-2,Heart
CAATGACGTCCGTTTC-2,Heart
CAATGACTCAGCAATC-2,Heart
CACACAATCCACAAGT-2,Heart
CACAGGCAGTAACGTA-2,Heart
CACAGGCGTCGCTCGA-2,Heart
CACAGGCTCGGACAAG-2,Heart
CACCAAATCAAGTGGG-2,Heart
CACCAAATCGAAGCAG-2,Heart
CACCAAATCTCTCGAC-2,Heart
CACCGTTTCGGTCAGC-2,Heart
CACGAATGTTGGAGAC-2,Heart
CACGGGTTCACTCCGT-2,Heart
CACGTGGAGCGGATCA-2,Heart
CACGTTCCAATCCAGT-2,Heart
CACTAAGGTTGCATAC-2,Heart
CACTGAATCGGCCCAA-2,Heart
CACTGTCGTAGCGATG-2,Heart
CACTGTCTCAGACAAA-2,Heart
CACTTCGAGTACAACA-2,Heart
CACTTCGGTATACCTG-2,Heart
CAGAGCCAGTAGTCTC-2,Heart
CAGAGCCCAAGCGATG-2,Heart
CAGATTGCAATGCAGG-2,Heart
CAGATTGGTTTCAGAC-2,Heart
CAGCAATCACTCACTC-2,Heart
CAGCAATCAGCAGAAC-2,Heart
CAGCAATCAGGACTTT-2,Heart
CAGCACGCATGGTACT-2,Heart
CAGCACGGTACGGATG-2,Heart
CAGCGTGGTGTTCAGT-2,Heart
CAGCGTGTCTGAGTCA-2,Heart
CAGGCCACAAGCGCAA-2,Heart
CAGGGCTAGGTAAAGG-2,Heart
CAGTTAGTCGCAGTCG-2,Heart
CAGTTCCTCCGCGAGT-2,Heart
CATACAGAGTATGACA-2,Heart
CATACAGCATGACTTG-2,Heart
CATACCCCAAGCGAGT-2,Heart
CATACCCGTAAGATTG-2,Heart
CATACCCGTTGTTGTG-2,Heart
CATACCCTCCTCGATC-2,Heart
CATACTTAGTAACCGG-2,Heart
CATCAAGTCCTACTGC-2,Heart
CATCCACCATCGGTTA-2,Heart
CATCCCACATCCCGTT-2,Heart
CATCCCAGTGGCTTGC-2,Heart
CATCCCAGTTCAGGTT-2,Heart
CATCGCTCAGAGATGC-2,Heart
CATCGCTGTTGAGTCT-2,Heart
CATCGGGAGGTTCATC-2,Heart
CATGAGTTCACTCTTA-2,Heart
CATGAGTTCCGCGATG-2,Heart
CATGCCTAGCGTGCCT-2,Heart
CATGCCTCAAATGGAT-2,Heart
CATGCCTCAAGTGGTG-2,Heart
CATGCGGGTATTAAGG-2,Heart
CATGCGGTCACGGTCG-2,Heart
CATGCTCAGACCTTTG-2,Heart
CATGCTCTCTAGTGTG-2,Heart
CATGGATGTCTAGGTT-2,Heart
CATGGATGTTGGGAAC-2,Heart
CATTCTAAGAATTGTG-2,Heart
CATTGCCCACCAAATC-2,Heart
CATTGTTCATAAGATG-2,Heart
CATTTCACAGCACACC-2,Heart
CATTTCATCTCTGGTC-2,Heart
CCAATGAGTTTCTTAC-2,Heart
CCACAAAGTATGCTTG-2,Heart
CCACAAAGTCCTGAAT-2,Heart
CCACACTAGAATAGTC-2,Heart
CCACGAGAGACTAGAT-2,Heart
CCATAAGCAACCCGCA-2,Heart
CCATCACCAGGTAGTG-2,Heart
CCATCACGTCCGGTGT-2,Heart
CCATCACTCCCAAGTA-2,Heart
CCATCACTCTCAACCC-2,Heart
CCCGAAGAGTGGGAAA-2,Heart
CCCGGAATCCTAGCTC-2,Heart
CCCTAACCAAATACGA-2,Heart
CCCTCAATCCGGTAGC-2,Heart
CCCTCTCAGCATTTGC-2,Heart
CCCTCTCCACAATGTC-2,Heart
CCCTGATCACAAAGCG-2,Heart
CCCTGATCACTACGGC-2,Heart
CCCTGATCAGGTTACT-2,Heart
CCCTGATCATGAGAAT-2,Heart
CCCTTAGGTATGAGCG-2,Heart
CCCTTAGGTCCCAAAT-2,Heart
CCGAACGCACACCGCA-2,Heart
CCGATCTAGCGAGTAC-2,Heart
CCGATCTTCCACGTAA-2,Heart
CCGATGGAGATGCTGG-2,Heart
CCGATGGTCATCACCC-2,Heart
CCGCAAGTCTTACGTT-2,Heart
CCGGTGACAACACAAA-2,Heart
CCGTTCAAGCAATAGT-2,Heart
CCTAACCTCATTGAGC-2,Heart
CCTCAACAGGGCAGAG-2,Heart
CCTCAACCACGCTGAC-2,Heart
CCTCAACGTGGCTACC-2,Heart
CCTCACATCACGATCA-2,Heart
CCTCAGTAGGACACTG-2,Heart
CCTCATGGTAACGGTG-2,Heart
CCTCATGGTACATTGC-2,Heart
CCTCCTCGTCAGACGA-2,Heart
CCTCCTCGTCAGCGTC-2,Heart
CCTCCTCGTGGAACAC-2,Heart
CCTCCTCTCTCTAAGG-2,Heart
CCTCTCCGTATGTCAC-2,Heart
CCTCTCCGTCCCAAAT-2,Heart
CCTGCATAGTTGCTGT-2,Heart
CCTTTGGAGAATCGCG-2,Heart
CCTTTGGAGGCCACTC-2,Heart
CCTTTGGAGTGATTCC-2,Heart
CCTTTGGTCGGCTGTG-2,Heart
CGAAGTTAGGCGATAC-2,Heart
CGAAGTTGTACTGACT-2,Heart
CGAAGTTGTATGCTAC-2,Heart
CGAATTGCATGTCAGT-2,Heart
CGAGGCTCACCCAAGC-2,Heart
CGAGTGCCAAGTGGTG-2,Heart
CGAGTTAGTAGACACG-2,Heart
CGAGTTAGTCATCCCT-2,Heart
CGAGTTAGTTAAGGAT-2,Heart
CGATGCGAGCCGAATG-2,Heart
CGATGGCGTCCACTCT-2,Heart
CGATGGCTCGCAGATT-2,Heart
CGCATAAGTTTCGTGA-2,Heart
CGCATGGTCATCTATC-2,Heart
CGCATGGTCCCAAGTA-2,Heart
CGCGTGAAGTCTTCCC-2,Heart
CGCGTGAGTACATACC-2,Heart
CGCGTGAGTGCCGAAA-2,Heart
CGCGTGATCCTTACCG-2,Heart
CGGAACCCACCAAAGG-2,Heart
CGGACACAGTGTGTTC-2,Heart
CGGACACCAACAGCTT-2,Heart
CGGACACTCTCCACTG-2,Heart
CGGAGAAAGTATTGCC-2,Heart
CGGAGAAGTGATGGCA-2,Heart
CGGAGAATCGCCGAAC-2,Heart
CGGGACTAGAAGTCCG-2,Heart
CGGGCATCAGCGTAGA-2,Heart
CGGGTGTAGAATCGCG-2,Heart
CGGGTGTAGCCACCGT-2,Heart
CGGTCAGCAACTTGGT-2,Heart
CGGTCAGGTGAACCGA-2,Heart
CGTAATGCAGCAGTTT-2,Heart
CGTAGTAGTGTATACC-2,Heart
CGTCAAAAGAAGCGAA-2,Heart
CGTCAAAAGTGATGGC-2,Heart
CGTCAAAGTTGTGTTG-2,Heart
CGTCCATCATTCACCC-2,Heart
CGTCCATGTCCAAATC-2,Heart
CGTGAATCAAGAATGT-2,Heart
CGTGAATCACGAGGTA-2,Heart
CGTGAATGTTGGAGGT-2,Heart
CGTGATACACTGGACC-2,Heart
CGTTAGATCTACCTTA-2,Heart
CGTTCTGGTATGAAAC-2,Heart
CGTTGGGCATACTTTC-2,Heart
CGTTGGGTCTCTGGTC-2,Heart
CTAACCCGTGTTCATG-2,Heart
CTAACTTTCTGTCGTC-2,Heart
CTACAGAAGCCTCCAG-2,Heart
CTACAGAAGTGGATAT-2,Heart
CTACATTGTCGCTTGG-2,Heart
CTACTATCAGTACTAC-2,Heart
CTAGACATCGTTGTTT-2,Heart
CTAGGTAAGTGGAATT-2,Heart
CTATAGGAGCCACTCG-2,Heart
CTATCTAGTTCATCTT-2,Heart
CTATCTATCAGGAAAT-2,Heart
CTATCTATCGCGCCAA-2,Heart
CTCAAGAAGCGACTGA-2,Heart
CTCAAGATCGGCTATA-2,Heart
CTCACTGGTAACGGTG-2,Heart
CTCAGAAGTGTGAATA-2,Heart
CTCAGAAGTTATGTGC-2,Heart
CTCAGGGTCGGTCGGT-2,Heart
CTCAGTCGTAACATCC-2,Heart
CTCATGCAGATACCAA-2,Heart
CTCCAACCACTAACGT-2,Heart
CTCCAACTCTTAGCTT-2,Heart
CTCCACACACTTGGCG-2,Heart
CTCCACAGTATCTCTT-2,Heart
CTCCATGCACTCCTGT-2,Heart
CTCCATGGTGGCTTGC-2,Heart
CTCCATGTCAGCGTCG-2,Heart
CTCCCTCTCTAAGCCA-2,Heart
CTCCTCCAGGCTTAGG-2,Heart
CTCCTTTCAGCTCATA-2,Heart
CTCGAGGTCAAGCGTT-2,Heart
CTCGAGGTCCGTAGGC-2,Heart
CTCTCAGAGAAACCAT-2,Heart
CTCTCAGAGAGCTTTC-2,Heart
CTCTCAGAGCGACAGT-2,Heart
CTCTCAGCAGTCGCTG-2,Heart
CTCTCAGGTCGTGCCA-2,Heart
CTCTGGTCACCACATA-2,Heart
CTGAATGTCCGGTTCT-2,Heart
CTGAGGCGTCAGGAGT-2,Heart
CTGAGGCGTGACCTGC-2,Heart
CTGAGGCTCTATCACT-2,Heart
CTGATCCTCCAGTTCC-2,Heart
CTGCAGGAGCTCGAAG-2,Heart
CTGCAGGTCTTGTTAC-2,Heart
CTGCCATAGCCTAACT-2,Heart
CTGCCATGTAGACAAT-2,Heart
CTGCCTAAGACTTGTC-2,Heart
CTGCGAGCACCACATA-2,Heart
CTGCTCACATCGCTCT-2,Heart
CTGGACGGTATGATCC-2,Heart
CTGGCAGAGTTGGAAT-2,Heart
CTGGCAGCACTGCGAC-2,Heart
CTGGCAGCATTCCTCG-2,Heart
CTGGTCTTCATAGAGA-2,Heart
CTGTACCGTATCGTAC-2,Heart
CTGTACCGTATTTCCT-2,Heart
CTGTACCTCGGAAGGT-2,Heart
CTGTAGAAGACGGTTG-2,Heart
CTGTAGAGTGGGCTTC-2,Heart
CTGTATTAGTCGAAGC-2,Heart
CTGTATTCACAACGTT-2,Heart
CTGTCGTCAAATCGTC-2,Heart
CTGTGGGGTTAAGAAC-2,Heart
CTGTGGGTCCGATAAC-2,Heart
CTGTGGGTCCGATCGG-2,Heart
CTTAGGACACCAAAGG-2,Heart
CTTCCGACACGTGTGC-2,Heart
CTTCCGATCGGTATGT-2,Heart
CTTCCTTTCCATGCAA-2,Heart
CTTCTAAAGGGACACT-2,Heart
CTTCTAATCATTGAGC-2,Heart
CTTCTCTAGCGCCATC-2,Heart
CTTCTCTAGTCGGGAT-2,Heart
CTTCTCTGTACGATGG-2,Heart
CTTGAGAAGCCTCTCT-2,Heart
CTTTCAACACGCGTGT-2,Heart
CTTTCGGTCAGGAGAC-2,Heart
GAAACCTAGGGCCTCT-2,Heart
GAACACTGTGGTCAAG-2,Heart
GAACACTGTTCTCCAC-2,Heart
GAACGTTCATAGATCC-2,Heart
GAACGTTTCTGGGTCG-2,Heart
GAACTGTTCATCTCTA-2,Heart
GAAGCCCCACCTTCGT-2,Heart
GAAGCCCGTTTAGACC-2,Heart
GAAGGACGTAGCGTAG-2,Heart
GAAGGGTGTTCGGCTG-2,Heart
GAAGGGTGTTGCATAC-2,Heart
GAATAGACAACTGGTT-2,Heart
GAATCGTTCCTTGACC-2,Heart
GACATCAAGGTTTACC-2,Heart
GACCAATCAGGGATAC-2,Heart
GACCCAGGTAGGTTTC-2,Heart
GACCCTTAGCAACTTC-2,Heart
GACCGTGCAAGCGATG-2,Heart
GACGCTGAGTGATTCC-2,Heart
GACGCTGCACAGCTTA-2,Heart
GACGCTGGTAGCGTCC-2,Heart
GACTATGAGCAAGTGC-2,Heart
GACTATGCATATTCGG-2,Heart
GACTCAAAGAAATTGC-2,Heart
GACTCAATCAACTGGT-2,Heart
GACTGATGTAGGACTG-2,Heart
GACTTCCGTATCAGCT-2,Heart
GAGACCCCATTGCTGA-2,Heart
GAGACCCGTAGCTTAC-2,Heart
GAGACCCTCGGCCTTT-2,Heart
GAGACTTTCCTCTTTC-2,Heart
GAGAGGTAGAAACCCG-2,Heart
GAGAGGTGTGAAAGTT-2,Heart
GAGATGGAGGTAAAGG-2,Heart
GAGGCAACAAGATCCT-2,Heart
GAGGGATCAGGCGTTC-2,Heart
GAGGGATGTCCCAAAT-2,Heart
GAGGGATTCAGGAAGC-2,Heart
GAGGGTACACTATCCC-2,Heart
GAGTCATGTGTTTACG-2,Heart
GAGTCATTCGGTCTGG-2,Heart
GAGTCTAAGCCTAGGA-2,Heart
GAGTCTATCAACCTCC-2,Heart
GAGTGAGCAGATGCGA-2,Heart
GAGTGTTCATCGTGCG-2,Heart
GAGTGTTTCACGATAC-2,Heart
GAGTGTTTCCGTATGA-2,Heart
GAGTGTTTCTATCGGA-2,Heart
GAGTTACGTGTTCGTA-2,Heart
GAGTTACTCGTGTTCC-2,Heart
GAGTTTGTCCCATTCG-2,Heart
GAGTTTGTCTTAGTTC-2,Heart
GATAGAAAGTGAGTTA-2,Heart
GATAGCTGTTTAAGGA-2,Heart
GATCACAAGGCTCACC-2,Heart
GATCAGTTCAAATAGG-2,Heart
GATCATGGTGTCCATA-2,Heart
GATCATGTCCTTTAGT-2,Heart
GATCCCTAGTAATTGG-2,Heart
GATCGTACATCGTTCC-2,Heart
GATGAGGAGTGTTCAC-2,Heart
GATGAGGTCCATCCGT-2,Heart
GATGATCAGTCGTCTA-2,Heart
GATGATCCATTGACTG-2,Heart
GATGATCGTATACGGG-2,Heart
GATGATCTCGTAGTGT-2,Heart
GATGCTAAGTGTCATC-2,Heart
GATGCTATCCGATGCG-2,Heart
GATTGGTAGAGTTCGG-2,Heart
GATTTCTAGCTAGATA-2,Heart
GATTTCTGTTAAACCC-2,Heart
GCAACATAGCCTGACC-2,Heart
GCAACATTCTCGGTAA-2,Heart
GCAACCGAGGGTTGCA-2,Heart
GCAACCGCATACAGAA-2,Heart
GCACATATCTTCGGTC-2,Heart
GCACGGTCAAAGCAAT-2,Heart
GCACGGTTCAAGAAAC-2,Heart
GCACGGTTCTAACACG-2,Heart
GCACGTGGTTTACTGG-2,Heart
GCAGCCAGTTGCGAAG-2,Heart
GCAGCTGTCTGCGTCT-2,Heart
GCAGGCTTCATCAGTG-2,Heart
GCAGTTAAGCTCCCTT-2,Heart
GCAGTTAGTATAGGGC-2,Heart
GCATCGGTCGAGTCTA-2,Heart
GCATCTCGTCCCGTGA-2,Heart
GCATTAGCAGTGTGGA-2,Heart
GCCAACGAGACTTAAG-2,Heart
GCCAGGTCACTCCCTA-2,Heart
GCCAGGTCATGATAGA-2,Heart
GCCATTCCATAGGAGC-2,Heart
GCCATTCGTCGCACAC-2,Heart
GCCCAGAGTCAAAGCG-2,Heart
GCCCGAAGTACTCGCG-2,Heart
GCCGATGTCTCTCGAC-2,Heart
GCCGATGTCTCTGCTG-2,Heart
GCGAGAAGTAACACCT-2,Heart
GCGATCGGTTTGTTGG-2,Heart
GCGGAAACAGCAGATG-2,Heart
GCGGAAAGTAACAGGC-2,Heart
GCGTTTCGTTTACCTT-2,Heart
GCTACAATCGTGGAAG-2,Heart
GCTACCTAGTAAACTG-2,Heart
GCTGAATCACCACATA-2,Heart
GCTGAATCAGTGCGCT-2,Heart
GCTGGGTTCAAGAGGC-2,Heart
GCTTGGGCAAGGTCAG-2,Heart
GCTTGGGTCAGATTGC-2,Heart
GCTTTCGAGGTCATCT-2,Heart
GGAATCTCATTGACCA-2,Heart
GGAATGGAGCATCCCG-2,Heart
GGAATGGTCCACATAG-2,Heart
GGACGTCAGCTCCATA-2,Heart
GGAGAACCAACATCGT-2,Heart
GGAGATGAGTTCTACG-2,Heart
GGAGATGCAACGGCTC-2,Heart
GGAGATGCAGCGAACA-2,Heart
GGAGCAACAGCGTTTA-2,Heart
GGAGCAATCCAATCTT-2,Heart
GGAGGTAGTAGAATAC-2,Heart
GGATCTAGTGTGATGG-2,Heart
GGATGTTTCGGAGTAG-2,Heart
GGCACGTCATTCATCT-2,Heart
GGCGTCATCTCTTGCG-2,Heart
GGCTTGGCAAAGCAAT-2,Heart
GGCTTTCAGAGAGTGA-2,Heart
GGCTTTCCATGAGGGT-2,Heart
GGGAAGTAGAGGCCAT-2,Heart
GGGAAGTAGGCCTTGC-2,Heart
GGGAAGTCAAATCGTC-2,Heart
GGGAAGTGTTCCGCAG-2,Heart
GGGACAAAGGGACTGT-2,Heart
GGGACCTAGGTCATAA-2,Heart
GGGACCTGTAGATGTA-2,Heart
GGGACCTTCTCCCAAC-2,Heart
GGGACTCCAAGCGAAC-2,Heart
GGGAGTAGTCAGATTC-2,Heart
GGGAGTATCTCAAAGC-2,Heart
GGGCCATGTTCGGTAT-2,Heart
GGGCTACAGAAGGCTC-2,Heart
GGGCTACAGCACTCGC-2,Heart
GGGCTACTCGCAATGT-2,Heart
GGGTAGACAGTGTACT-2,Heart
GGGTAGATCTCATGGA-2,Heart
GGGTATTCATACCGTA-2,Heart
GGGTATTGTATGAGGC-2,Heart
GGGTCACTCGGACTTA-2,Heart
GGGTGAAGTAGGACCA-2,Heart
GGGTGTCCACCAAAGG-2,Heart
GGGTGTCCAGCATGCC-2,Heart
GGGTTATCAACAGCCC-2,Heart
GGTAACTTCAGGTAAA-2,Heart
GGTAATCGTGCAATAA-2,Heart
GGTAGAGTCACTTGTT-2,Heart
GGTCTGGAGCAGCCTC-2,Heart
GGTGGCTAGATGAAGG-2,Heart
GGTGGCTAGGACACTG-2,Heart
GGTGTCGAGTCTTGGT-2,Heart
GGTGTCGTCGACGCTG-2,Heart
GGTGTTATCTCGCGTT-2,Heart
GGTTAACAGCTAAGTA-2,Heart
GGTTAACCAATACGCT-2,Heart
GGTTAACGTCTAACTG-2,Heart
GGTTGTATCGCCTAGG-2,Heart
GTAACCAGTGACGTCC-2,Heart
GTAACCATCAGAGCAG-2,Heart
GTAAGTCCACTGGCGT-2,Heart
GTAAGTCCATCCCACT-2,Heart
GTAAGTCGTTGTGTTG-2,Heart
GTACAACTCGATCCAA-2,Heart
GTACAGTCAGCCCACA-2,Heart
GTACAGTGTGATACAA-2,Heart
GTACAGTTCTGCGGCA-2,Heart
GTAGAGGAGAGTTGAT-2,Heart
GTAGAGGGTGGCTTGC-2,Heart
GTAGATCGTCGCAACC-2,Heart
GTAGGAGCACAAAGCG-2,Heart
GTAGGAGCATGACACT-2,Heart
GTAGGTTAGGACAGCT-2,Heart
GTAGGTTGTACTGCGC-2,Heart
GTAGTACGTCTTGAGT-2,Heart
GTAGTACGTTAGCTAC-2,Heart
GTATTGGTCACCATGA-2,Heart
GTATTTCCATTCACAG-2,Heart
GTCAAGTAGGGCTAAC-2,Heart
GTCAAGTCAGTTACCA-2,Heart
GTCAAGTGTGATAGTA-2,Heart
GTCACGGGTTCGGTAT-2,Heart
GTCACTCGTTTCGACA-2,Heart
GTCAGCGGTTAGGGAC-2,Heart
GTCATGAGTACCCACG-2,Heart
GTCCCATCATTGCAAC-2,Heart
GTCGAATAGTGGAAAG-2,Heart
GTCGTTCAGAAGTCCG-2,Heart
GTCGTTCAGATGCTAA-2,Heart
GTCGTTCGTTAAACCC-2,Heart
GTCTAGAGTATCGCAT-2,Heart
GTCTCACCAAGTGGAC-2,Heart
GTCTCACCACGTCGTG-2,Heart
GTCTCACTCTCCGAAA-2,Heart
GTGACGCGTCAGTCTA-2,Heart
GTGAGCCGTAACTGCT-2,Heart
GTGAGCCGTATCACGT-2,Heart
GTGAGCCTCACTTGGA-2,Heart
GTGAGCCTCGTGCGAC-2,Heart
GTGAGCCTCTACGCAA-2,Heart
GTGAGGAAGTAGGAAG-2,Heart
GTGATGTGTCACTCAA-2,Heart
GTGATGTTCGTTGCCT-2,Heart
GTGCACGAGGATACCG-2,Heart
GTGCGTGTCTCGTGAA-2,Heart
GTGCTGGAGGGCAAGG-2,Heart
GTGGCGTCATCGTTCC-2,Heart
GTGGGAATCTGGAAGG-2,Heart
GTGTCCTAGCATCCCG-2,Heart
GTGTGATGTTCGTGCG-2,Heart
GTGTGGCGTATGCGTT-2,Heart
GTGTTAGAGCACCAGA-2,Heart
GTGTTAGAGGTTCATC-2,Heart
GTGTTCCGTCTTGTCC-2,Heart
GTGTTCCTCTCCTGCA-2,Heart
GTTACCCTCGGAGATG-2,Heart
GTTACGACAAGTCATC-2,Heart
GTTAGTGAGCTAGCCC-2,Heart
GTTAGTGTCCATTTCA-2,Heart
GTTAGTGTCTGCTTTA-2,Heart
GTTAGTGTCTGTCAGA-2,Heart
GTTAGTGTCTTCGCTG-2,Heart
GTTATGGGTTGCTCCT-2,Heart
GTTGCGGAGGTTGACG-2,Heart
GTTGCGGCACAGAGAC-2,Heart
GTTGCTCAGCTGTGCC-2,Heart
GTTGCTCAGTCACGCC-2,Heart
GTTGCTCCATAATGCC-2,Heart
GTTGCTCCATGATAGA-2,Heart
GTTGCTCGTTACCTGA-2,Heart
GTTGTCCTCTCGACGG-2,Heart
GTTTACTAGCGTATAA-2,Heart
GTTTGGAAGACAGTCG-2,Heart
GTTTGGATCTAGACCA-2,Heart
TAACACGCATTGGGAG-2,Heart
TAACCAGCAGGCGATA-2,Heart
TAACCAGGTAGCACGA-2,Heart
TAACGACAGGCCACTC-2,Heart
TAACGACGTCGTCAGC-2,Heart
TAACTTCAGGTGGCTA-2,Heart
TAAGCACGTAACAGTA-2,Heart
TAAGCCAGTGCCGAAA-2,Heart
TAAGCGTTCCGTGTAA-2,Heart
TAATCTCAGGAGAGTA-2,Heart
TAATCTCCAGTAACAA-2,Heart
TAATCTCTCCCAGGAC-2,Heart
TAATTCCCAGCTGGTC-2,Heart
TACACCCTCCTTTAGT-2,Heart
TACAGGTGTATCAGCT-2,Heart
TACATTCAGACATCCT-2,Heart
TACATTCCAGAGTAAT-2,Heart
TACATTCTCGAGCTGC-2,Heart
TACCCACGTTGTGGCC-2,Heart
TACCCGTGTTGCGAAG-2,Heart
TACCGGGAGGTTGAGC-2,Heart
TACCTCGAGGCTAGCA-2,Heart
TACCTGCCATTCAGGT-2,Heart
TACCTGCTCGACACCG-2,Heart
TACGCTCAGCACCCAC-2,Heart
TACGCTCGTCCAGGTC-2,Heart
TACGCTCGTGTGTCCG-2,Heart
TACGGTACACGGCACT-2,Heart
TACGTCCGTGACTATC-2,Heart
TACGTCCGTTGGTAGG-2,Heart
TACTGCCGTAGACTGG-2,Heart
TACTTACTCCAACTGA-2,Heart
TAGACTGAGGCGAAGG-2,Heart
TAGAGTCGTCCAGAAG-2,Heart
TAGCACATCATCACCC-2,Heart
TAGGAGGAGGGTGGGA-2,Heart
TAGGAGGTCGTCCTTG-2,Heart
TAGGGTTAGTCGGCCT-2,Heart
TAGGGTTCAAGTTTGC-2,Heart
TATATCCAGTTCATCG-2,Heart
TATATCCGTTCCACGG-2,Heart
TATCCTAGTCGCACAC-2,Heart
TATCTGTGTAAGGCTG-2,Heart
TATCTTGCATCGAACT-2,Heart
TATTCCAAGCTCCCTT-2,Heart
TATTCCATCTGGTGCG-2,Heart
TATTGCTAGCAAGTGC-2,Heart
TATTGCTCACTTGAAC-2,Heart
TATTGCTTCGCATAGT-2,Heart
TATTGGGAGTTAACAG-2,Heart
TATTGGGCAGAGTCTT-2,Heart
TATTGGGTCCTTCTTC-2,Heart
TATTTCGAGGCTCACC-2,Heart
TCAAGACAGTTCCTGA-2,Heart
TCAAGACCAGCAAGAC-2,Heart
TCAAGCATCGACGACC-2,Heart
TCACAAGAGTCGAGGT-2,Heart
TCACAAGCACGTATAC-2,Heart
TCACGGGAGCCAAGGT-2,Heart
TCACGGGAGCCTTGAT-2,Heart
TCACGGGTCAGGGATG-2,Heart
TCACTATTCCCAATAG-2,Heart
TCAGCAAAGTATTAGG-2,Heart
TCAGCAAGTTACACTG-2,Heart
TCAGTCCGTGAGTTGG-2,Heart
TCATATCTCCAACTGA-2,Heart
TCATCATAGGCACCAA-2,Heart
TCATCCGAGTTTGAGA-2,Heart
TCATCCGCAATTGGTC-2,Heart
TCATGAGTCACCTTGC-2,Heart
TCATGCCGTAGTGTGG-2,Heart
TCATGCCTCATTGCGA-2,Heart
TCATGCCTCGGATAAA-2,Heart
TCATGGACATACTGAC-2,Heart
TCATGGAGTATCGTTG-2,Heart
TCATTACTCTTAATCC-2,Heart
TCATTTGTCGGAATTC-2,Heart
TCCATGCTCACGGGAA-2,Heart
TCCCAGTTCCATTCGC-2,Heart
TCCCATGCACGTACAT-2,Heart
TCCCATGGTACAAGCG-2,Heart
TCCCATGTCCATACAG-2,Heart
TCCGAAAAGTGGTTAA-2,Heart
TCCGATCAGCTGTCCG-2,Heart
TCCGATCGTGAAAGTT-2,Heart
TCCGGGACATGCGTGC-2,Heart
TCCGGGATCTGTCCGT-2,Heart
TCCTAATTCGGCACTG-2,Heart
TCCTCCCCATCGTGCG-2,Heart
TCCTCCCGTTATGTGC-2,Heart
TCCTCCCTCTCCATAT-2,Heart
TCCTCGATCGAGAGCA-2,Heart
TCCTCGATCTCTGCTG-2,Heart
TCCTGCAGTAGTAAGT-2,Heart
TCCTTCTGTACTGTTG-2,Heart
TCGACCTTCTCTTAAC-2,Heart
TCGATTTGTCGGAACA-2,Heart
TCGCACTAGTACAGCG-2,Heart
TCGCACTCAACATCGT-2,Heart
TCGCACTCAAGCTCTA-2,Heart
TCGCACTGTGAGTAGC-2,Heart
TCGCTCACAGGTACGA-2,Heart
TCGCTTGGTTGGGTAG-2,Heart
TCGCTTGTCCATTTAC-2,Heart
TCGGGACAGCAATTAG-2,Heart
TCGGGCATCTTTCTAG-2,Heart
TCGTCCACAACATCGT-2,Heart
TCGTCCACACGCCACA-2,Heart
TCGTCCATCACTTGTT-2,Heart
TCGTCCATCCGCTTAC-2,Heart
TCGTGCTCACCTGAAT-2,Heart
TCGTGCTTCGGAGTAG-2,Heart
TCGTGGGCAGTTGCGC-2,Heart
TCGTGGGTCTTCCCAG-2,Heart
TCTCACGTCGATCCCT-2,Heart
TCTCAGCCACTTGACA-2,Heart
TCTCAGCTCTCTTGCG-2,Heart
TCTCCGAGTACCCACG-2,Heart
TCTCTGGGTTGGGACA-2,Heart
TCTCTGGTCTACTCAT-2,Heart
TCTGCCAGTACGATTC-2,Heart
TCTGCCAGTGTATTCG-2,Heart
TCTGGCTTCTGTGCAA-2,Heart
TCTTAGTCAGCGTTTA-2,Heart
TCTTAGTTCACGAGGA-2,Heart
TCTTAGTTCATCGTAG-2,Heart
TCTTCCTAGTGGACGT-2,Heart
TCTTTGAAGAGGGTAA-2,Heart
TCTTTGATCTGCAGCG-2,Heart
TGAACGTCACGGCGTT-2,Heart
TGAATCGGTGATTAGA-2,Heart
TGAATGCAGATAGCTA-2,Heart
TGACAGTAGCCAGACA-2,Heart
TGACAGTCATTGAGCT-2,Heart
TGACCCTCACGGTAGA-2,Heart
TGAGACTAGCGCCCAT-2,Heart
TGAGCGCTCCGACGGT-2,Heart
TGAGCGCTCGCTGTCT-2,Heart
TGAGGTTGTCGTACAT-2,Heart
TGAGGTTGTGATATAG-2,Heart
TGAGTCAGTAGTAAGT-2,Heart
TGATGCAAGGACTTCT-2,Heart
TGATGCAAGTCTCGTA-2,Heart
TGATGCAGTAAGATCA-2,Heart
TGATTCTCATCCTATT-2,Heart
TGATTCTCATTCTGTT-2,Heart
TGATTCTGTTGGGACA-2,Heart
TGATTTCGTCATAACC-2,Heart
TGCACGGAGAACAAGG-2,Heart
TGCACGGCATCAGTGT-2,Heart
TGCAGATCAGCCTTCT-2,Heart
TGCAGGCAGACCTCCG-2,Heart
TGCAGGCGTTCGGGTC-2,Heart
TGCAGTACAGCATTGT-2,Heart
TGCAGTACAGCCGTCA-2,Heart
TGCCGAGCAATTGCTG-2,Heart
TGCGACGTCCAGTTCC-2,Heart
TGCGATAAGCGTGCCT-2,Heart
TGCGGCATCGTCCTTG-2,Heart
TGCGGGTCAGAGTCTT-2,Heart
TGCTCCAGTTGGGATG-2,Heart
TGCTCCATCCCAGGCA-2,Heart
TGCTCGTGTATACCTG-2,Heart
TGCTCGTGTCGGTGTC-2,Heart
TGCTTCGCAAAGCTAA-2,Heart
TGCTTGCGTAGGGAGG-2,Heart
TGCTTGCTCCCTCATG-2,Heart
TGGAACTAGGTTCTAC-2,Heart
TGGAGAGTCGTTTACT-2,Heart
TGGAGGAAGCAGCAGT-2,Heart
TGGAGGATCCCGTGAG-2,Heart
TGGAGGATCGGCATTA-2,Heart
TGGATCAAGCAATAAC-2,Heart
TGGATCAGTACGCGTC-2,Heart
TGGATCAGTGGTCTGC-2,Heart
TGGCGTGCACGCCACA-2,Heart
TGGCGTGGTTCGGCTG-2,Heart
TGGGAAGGTGTTTGCA-2,Heart
TGGGAGATCTCCGTGT-2,Heart
TGGGCGTAGCCATTTG-2,Heart
TGGGCGTCAGTTCCAA-2,Heart
TGGGCTGGTACCGCGT-2,Heart
TGGGTTACACTGTTCC-2,Heart
TGGGTTAGTAGAGCTG-2,Heart
TGGTACAAGAGCTGCA-2,Heart
TGGTACAAGGTAATCA-2,Heart
TGGTACAAGTAGCATA-2,Heart
TGGTAGTCAAACTAAG-2,Heart
TGGTAGTCAAACTGCT-2,Heart
TGGTAGTTCTCCGAGG-2,Heart
TGGTGATAGACGAAGA-2,Heart
TGGTGATGTGCATACT-2,Heart
TGGTGATGTTGCTGAT-2,Heart
TGGTTAGAGCAGGCAT-2,Heart
TGGTTAGGTTCTCCTG-2,Heart
TGTAAGCCAGCGACCT-2,Heart
TGTAAGCGTTGGGAAC-2,Heart
TGTACAGAGAGAGAAC-2,Heart
TGTACAGAGCAAACAT-2,Heart
TGTAGACGTTGACTAC-2,Heart
TGTCAGACAATTGCTG-2,Heart
TGTCCACCAACGAGGT-2,Heart
TGTCCCACAGTCCCGA-2,Heart
TGTGCGGTCGTGGCGT-2,Heart
TGTGGCGTCCCTTGTG-2,Heart
TGTGTGAAGCCAACCC-2,Heart
TGTTACTCACGCTATA-2,Heart
TGTTACTCAGCATACT-2,Heart
TGTTCCGGTAAGTCAA-2,Heart
TGTTCTACATATACCG-2,Heart
TGTTGAGTCTTAAGGC-2,Heart
TGTTGAGTCTTGGTCC-2,Heart
TGTTGGAAGGAACATT-2,Heart
TGTTGGACAACGAGGT-2,Heart
TGTTTGTGTGTGTCCG-2,Heart
TGTTTGTTCCGCTAGG-2,Heart
TTAATCCTCCCGAAAT-2,Heart
TTACAGGAGTACCCTA-2,Heart
TTACCGCAGATGGGCT-2,Heart
TTACCGCCAGGTGTTT-2,Heart
TTACGCCCATTGCCGG-2,Heart
TTCACCGAGGGATCGT-2,Heart
TTCACCGTCCCAGGCA-2,Heart
TTCACGCGTTCGTGCG-2,Heart
TTCATGTCAGGCTACC-2,Heart
TTCATTGGTGCTTCAA-2,Heart
TTCATTGTCCTACCAC-2,Heart
TTCCAATAGCTCGAAG-2,Heart
TTCCACGCAATAGTAG-2,Heart
TTCCGGTCAGTTAGAA-2,Heart
TTCCGGTGTAACAGTA-2,Heart
TTCCGTGTCCCTCGTA-2,Heart
TTCCGTGTCTTGCAAG-2,Heart
TTCCTCTAGACTAAGT-2,Heart
TTCCTTCAGAGGCCAT-2,Heart
TTCCTTCAGTGGATAT-2,Heart
TTCGATTCATAATGCC-2,Heart
TTCGGTCTCATCACTT-2,Heart
TTCTAGTCAGGTGGAT-2,Heart
TTCTAGTGTGTCCGTG-2,Heart
TTCTAGTTCCCTTCCC-2,Heart
TTCTCTCAGGTTCATC-2,Heart
TTCTGTAGTATGTCAC-2,Heart
TTCTGTAGTTTCTATC-2,Heart
TTCTGTATCGCTGTTC-2,Heart
TTCTTCCTCACTTATC-2,Heart
TTCTTGAGTTAGAGTA-2,Heart
TTGAACGAGCGTCAGA-2,Heart
TTGAACGAGTTGCTCA-2,Heart
TTGACCCCATCCGAAT-2,Heart
TTGAGTGGTCTAACTG-2,Heart
TTGAGTGGTTGCTAGT-2,Heart
TTGCATTGTGATTGGG-2,Heart
TTGCCTGAGGTGGTTG-2,Heart
TTGCCTGGTATCGCAT-2,Heart
TTGCGTCAGTCGCGAA-2,Heart
TTGCTGCCAACCAGAG-2,Heart
TTGGGCGGTCTGATAC-2,Heart
TTGGGTAAGCTATCCA-2,Heart
TTGGGTAGTTTCGACA-2,Heart
TTGTGGACATCCGTTC-2,Heart
TTGTGGAGTCCAGCAC-2,Heart
TTGTGTTTCAGTAGGG-2,Heart
TTGTTCACAGACCAAG-2,Heart
TTGTTTGGTGTTTGCA-2,Heart
TTTACGTAGTAGTCTC-2,Heart
TTTACGTCAAAGACGC-2,Heart
TTTAGTCCAGTCGGTC-2,Heart
TTTATGCCATACTTTC-2,Heart
TTTCACACATGGGATG-2,Heart
TTTCAGTTCGTGAGAG-2,Heart
TTTCATGTCCGTTGGG-2,Heart
TTTCCTCGTACTGCGC-2,Heart
TTTGACTGTCGACTTA-2,Heart
TTTGATCAGTGAGCCA-2,Heart
TTTGGAGAGTGTGTTC-2,Heart
TTTGGAGCAGTGTGCC-2,Heart
TTTGGAGTCCTCTCGA-2,Heart
TTTGTTGGTAAGACCG-2,Heart
TTTGTTGGTGTCATTG-2,Heart
TTTGTTGTCCGCAACG-2,Heart
